user_id,busines_obrazovanie,teatr_kino,tanci_balli,vecherinki_shou,vistavki_tvorchestvo,umor,koncerti_festivali,moda,igri_kvesti,romantika,activniy_otdih
309bd812-fa6e-4dca-948d-e248549798bc,23.0,26.0,23.0,25.0,24.0,26.0,27.0,27.0,20.0,26.0,22.0
a87bef13-4b46-420e-98b7-dbc6ddbb28a7,25.0,25.0,24.0,23.0,26.0,25.0,23.0,20.0,21.0,24.0,23.0
a3492f4b-38e8-483d-b6e5-d2f1e43afb5b,24.0,24.0,23.0,22.0,26.0,25.0,24.0,24.0,28.0,23.0,27.0
ed0b6707-5401-4d2f-a19f-fee1380e28ea,24.0,24.0,25.0,26.0,23.0,26.0,22.0,25.0,25.0,26.0,24.0
b38b6550-179e-4e7c-8ac7-054e80548fbd,21.0,24.0,25.0,24.0,24.0,24.0,23.0,23.0,24.0,24.0,27.0
af03a343-4dfc-4d0b-a904-c3ff6d823492,25.0,26.0,24.0,25.0,27.0,24.0,25.0,24.0,24.0,24.0,24.0
45dcb270-2251-4071-b39b-076034d1bd6e,23.0,25.0,26.0,27.0,29.0,21.0,22.0,29.0,25.0,25.0,25.0
7fb82101-030b-41ee-a64d-930f0ea6b1b9,22.0,26.0,25.0,22.0,28.0,27.0,25.0,28.0,23.0,26.0,24.0
645db524-39d1-46c8-84e9-329531284c18,26.0,23.0,25.0,26.0,23.0,21.0,23.0,25.0,27.0,25.0,21.0
7a17300d-5091-4169-8062-defaf81d50b2,25.0,23.0,26.0,26.0,23.0,27.0,30.0,25.0,28.0,23.0,24.0
c38cc51a-9a9d-450b-99c4-5693eb0b663e,26.0,21.0,23.0,21.0,24.0,29.0,28.0,24.0,25.0,28.0,24.0
a0c2587d-dece-4382-8ee8-88574332c58b,23.0,25.0,23.0,24.0,26.0,24.0,24.0,27.0,23.0,25.0,26.0
951aa342-1921-43b4-9139-4fffbd31cabe,28.0,25.0,26.0,25.0,22.0,24.0,26.0,23.0,24.0,26.0,24.0
a5cda598-7d14-4e00-8d9a-bfe779656a70,24.0,24.0,28.0,25.0,24.0,24.0,22.0,24.0,23.0,25.0,23.0
837444d9-869f-42bc-a2a5-19cd3ca809d2,28.0,26.0,26.0,20.0,25.0,26.0,26.0,24.0,27.0,24.0,24.0
dbb5a206-60f4-479f-9efe-7c7beae087e2,27.0,24.0,25.0,22.0,29.0,25.0,24.0,22.0,26.0,26.0,25.0
58361699-1377-42af-b0d3-2e24eeacd385,27.0,25.0,26.0,26.0,25.0,30.0,23.0,28.0,22.0,24.0,24.0
924e63a3-5546-4932-9eba-17e2502e431e,26.0,21.0,26.0,25.0,24.0,26.0,27.0,26.0,26.0,25.0,24.0
56e3079b-2703-4a98-8532-371718827530,27.0,25.0,28.0,26.0,19.0,26.0,30.0,24.0,25.0,24.0,26.0
0b0533f1-b593-4b60-9f4a-3502e1f550fd,24.0,27.0,23.0,26.0,24.0,26.0,24.0,27.0,24.0,22.0,24.0
38538fbc-cb70-49be-b3d5-ed2f0670e061,24.0,23.0,25.0,25.0,24.0,23.0,25.0,18.0,25.0,30.0,24.0
5c0c61a9-232d-48dd-b297-d5b263e5b558,25.0,24.0,27.0,25.0,25.0,20.0,25.0,26.0,22.0,24.0,28.0
89a5fdf5-10ff-480e-8161-94ba8e519b3a,26.0,23.0,25.0,26.0,26.0,28.0,23.0,21.0,24.0,25.0,23.0
91225fb5-d46e-4dc2-b00c-b408fa95845f,23.0,22.0,24.0,26.0,26.0,27.0,21.0,27.0,28.0,26.0,23.0
9137c8d0-472d-41df-9669-6cd58ae4c9b5,25.0,26.0,26.0,22.0,26.0,24.0,24.0,25.0,32.0,22.0,23.0
d3cbe724-db6a-4a42-9880-b3bc9713bc05,24.0,26.0,25.0,24.0,27.0,26.0,25.0,29.0,24.0,22.0,27.0
ce34fd50-83be-48bd-9ef1-23f9828d00dc,25.0,24.0,25.0,27.0,25.0,23.0,24.0,26.0,24.0,24.0,25.0
696e3a2b-8206-4047-820d-5ce7e27d8f08,25.0,23.0,23.0,26.0,25.0,24.0,24.0,26.0,23.0,26.0,27.0
a2502ab8-690f-4e02-89c0-56a6e1d8b12f,23.0,26.0,26.0,23.0,31.0,22.0,27.0,22.0,23.0,25.0,28.0
73236e41-513a-4a03-a47c-c24653168a15,24.0,25.0,24.0,24.0,24.0,27.0,25.0,23.0,27.0,24.0,28.0
a22f9ad2-d43a-4582-9650-b4d9e567634f,26.0,25.0,25.0,25.0,25.0,23.0,25.0,31.0,23.0,24.0,23.0
e7bea52f-003f-4613-ad81-e85bbea20bc7,23.0,25.0,25.0,26.0,24.0,25.0,24.0,22.0,23.0,22.0,23.0
74dfcf0d-7e71-4dfb-968e-5c8dfdb47d3a,23.0,25.0,25.0,25.0,25.0,25.0,23.0,29.0,27.0,25.0,25.0
5c5bb050-c053-4b9e-a374-ae36f38a5585,23.0,24.0,24.0,24.0,24.0,28.0,24.0,28.0,25.0,23.0,23.0
1ce380e8-0033-4233-8e08-db9c6b7e3440,25.0,25.0,28.0,25.0,27.0,25.0,25.0,26.0,23.0,27.0,24.0
90725ee2-96c7-4e24-806a-5eabb085b670,27.0,28.0,28.0,26.0,26.0,23.0,22.0,26.0,24.0,20.0,24.0
f5c66d29-ac21-4ddb-930a-d7992a7c4500,23.0,21.0,28.0,28.0,26.0,28.0,24.0,24.0,23.0,26.0,25.0
7e0c7116-6895-4785-8941-dda5f0989dea,27.0,27.0,27.0,23.0,24.0,24.0,23.0,25.0,25.0,29.0,23.0
6096e240-d5b8-4674-a3fa-dba9fcabccc4,25.0,21.0,25.0,26.0,24.0,26.0,26.0,25.0,22.0,23.0,26.0
b04949f2-89d2-44a7-9516-5bee6d80e0f9,24.0,23.0,28.0,27.0,25.0,23.0,25.0,24.0,23.0,27.0,26.0
3aa31e36-126b-4685-af2b-819b58241ffa,24.0,26.0,25.0,23.0,25.0,24.0,27.0,25.0,23.0,26.0,22.0
0ff209fb-c2c9-490e-bd4a-79aa11f47a25,26.0,23.0,25.0,22.0,26.0,23.0,26.0,26.0,25.0,26.0,25.0
22ae66cb-0881-45ed-b2de-42a18cd3a767,22.0,25.0,25.0,27.0,21.0,22.0,27.0,24.0,25.0,26.0,25.0
f43b35f5-7325-415f-a1ab-fbfbed24283a,25.0,27.0,27.0,25.0,27.0,27.0,24.0,25.0,26.0,27.0,25.0
be342c8d-08cf-458f-ac0f-e300b66db342,25.0,28.0,25.0,27.0,23.0,27.0,26.0,25.0,25.0,25.0,23.0
5d946fc6-5ba9-4afa-baff-ef1701f3b466,22.0,21.0,25.0,29.0,24.0,25.0,28.0,26.0,22.0,23.0,22.0
7f4650b0-816f-4372-9eb7-d172e53ab98b,25.0,23.0,28.0,26.0,26.0,23.0,24.0,25.0,28.0,25.0,24.0
712a8666-4313-45f4-857c-75434fd759d6,26.0,27.0,25.0,24.0,24.0,26.0,23.0,24.0,26.0,22.0,26.0
40e1e124-b402-41f3-a688-61cd53d989b6,30.0,25.0,26.0,24.0,24.0,23.0,25.0,25.0,23.0,23.0,24.0
6941d04b-8d6e-45af-9127-060a2317a3a2,26.0,23.0,25.0,25.0,24.0,23.0,26.0,25.0,28.0,27.0,25.0
2e304872-b5c4-40ed-adde-a1972d54b83d,23.0,27.0,27.0,26.0,25.0,26.0,20.0,25.0,21.0,19.0,30.0
55610cdd-39c7-4996-82fd-003f6a71bf04,27.0,30.0,27.0,28.0,25.0,24.0,24.0,26.0,26.0,25.0,25.0
d019b8ed-2c99-4db7-b2a0-a7f9d51daee8,23.0,23.0,25.0,27.0,22.0,23.0,26.0,26.0,25.0,26.0,23.0
ad595530-400d-4d00-8a61-82e2f9e85685,26.0,26.0,26.0,27.0,28.0,21.0,22.0,26.0,23.0,26.0,27.0
c3c3c3a9-a50d-49d2-93dd-c255cab413f9,25.0,24.0,27.0,27.0,21.0,27.0,24.0,25.0,25.0,24.0,26.0
68b8f2e4-5c5d-4766-ba93-3ca453697a2b,25.0,27.0,26.0,23.0,23.0,26.0,26.0,22.0,26.0,25.0,28.0
4bd1a7e5-7f4f-4ca5-b20e-53156d9abc15,24.0,25.0,22.0,26.0,26.0,26.0,24.0,27.0,24.0,24.0,25.0
916fa653-3314-4afa-9ff7-71e978edb8be,25.0,21.0,29.0,25.0,24.0,27.0,29.0,22.0,23.0,26.0,27.0
97cc7fcb-048a-4355-acec-28ea37e1041d,25.0,27.0,25.0,23.0,24.0,24.0,23.0,26.0,24.0,24.0,25.0
a5e34e45-40a5-45f7-ae3b-263ab0ad168f,24.0,23.0,25.0,22.0,24.0,24.0,28.0,24.0,28.0,26.0,27.0
b6300430-cb7c-476f-9544-149cf5317340,26.0,25.0,25.0,22.0,26.0,26.0,27.0,23.0,24.0,26.0,23.0
df2fdcfd-2798-4c3e-9ba0-6597980aa39d,25.0,27.0,25.0,22.0,24.0,25.0,27.0,27.0,23.0,27.0,25.0
e31a9c37-a7d3-4972-b2a2-abb4f1497f6f,27.0,23.0,28.0,23.0,28.0,24.0,25.0,27.0,26.0,24.0,24.0
dc676746-0dd4-4d66-922c-691bab176241,22.0,26.0,23.0,27.0,25.0,28.0,24.0,21.0,25.0,26.0,24.0
1681ae09-c2d2-4c7d-8057-9019cf51c743,27.0,23.0,26.0,24.0,27.0,27.0,25.0,22.0,29.0,25.0,23.0
c64e6a41-1e6b-4a6a-a2cd-ce9da0cb96a5,27.0,22.0,25.0,24.0,25.0,25.0,26.0,25.0,25.0,26.0,24.0
44cf9418-f663-4077-bdd0-840f07a072de,25.0,23.0,26.0,23.0,25.0,26.0,28.0,27.0,23.0,29.0,24.0
47a0979d-3abf-4559-be66-ef14f2edcb16,27.0,19.0,24.0,25.0,22.0,27.0,27.0,23.0,23.0,24.0,27.0
7aed74a2-5eb6-49e7-8440-860a65983013,25.0,21.0,23.0,23.0,24.0,23.0,21.0,26.0,25.0,24.0,27.0
5b06b949-81ef-4c1b-a461-a6942553492e,26.0,24.0,26.0,27.0,23.0,25.0,28.0,21.0,21.0,22.0,25.0
f8f97bb1-85d1-4f9e-8439-adb77dd5f1cf,28.0,31.0,25.0,24.0,25.0,23.0,28.0,22.0,23.0,25.0,25.0
ca498b63-0798-454b-bcb0-cee6f8ecb6ac,25.0,26.0,23.0,23.0,28.0,23.0,26.0,24.0,25.0,25.0,27.0
55772eec-dd30-474b-bc56-eac56617f38a,29.0,28.0,26.0,25.0,24.0,24.0,27.0,23.0,24.0,26.0,30.0
832fab9c-6d5a-4a89-9141-d4aa219de2b2,27.0,23.0,25.0,25.0,28.0,27.0,26.0,26.0,27.0,24.0,26.0
41da31c4-5b13-4e52-a3dd-492c8bd704c9,23.0,24.0,25.0,24.0,26.0,24.0,27.0,28.0,24.0,22.0,26.0
ff4f0ca1-2da0-480f-8124-7f837c815ff8,21.0,23.0,24.0,23.0,24.0,22.0,21.0,25.0,25.0,26.0,25.0
dc6107d8-a021-4a6b-ad04-353a1ce1ec3c,25.0,26.0,27.0,24.0,28.0,22.0,26.0,24.0,26.0,28.0,24.0
3169fd79-4e3a-4900-9eeb-b4a274210c01,24.0,25.0,27.0,23.0,24.0,24.0,24.0,24.0,27.0,22.0,25.0
c7063edd-6577-44b3-915f-1610ac9f3a91,22.0,26.0,20.0,25.0,24.0,28.0,25.0,24.0,24.0,25.0,25.0
eee9cc7a-9ceb-4514-b724-f65c20f3f3c1,26.0,24.0,25.0,23.0,28.0,26.0,27.0,27.0,28.0,27.0,25.0
76b46753-34ed-45f9-b53b-702bd4911af9,23.0,22.0,24.0,23.0,28.0,24.0,25.0,24.0,26.0,24.0,25.0
48e6463e-8d33-459b-a4aa-8394a4d3ce7b,24.0,25.0,28.0,24.0,23.0,29.0,20.0,24.0,25.0,28.0,24.0
388694ec-fe29-4b0f-9a7b-9f19a2c13bd6,25.0,26.0,25.0,26.0,21.0,25.0,25.0,25.0,22.0,23.0,27.0
f6377695-c1a2-4397-b1e4-1ee4bde0c6ef,26.0,25.0,23.0,30.0,27.0,24.0,23.0,25.0,24.0,24.0,25.0
335358c1-b786-4dc2-91f9-9917b68a62f5,28.0,26.0,23.0,22.0,26.0,22.0,27.0,26.0,20.0,27.0,26.0
ade2496a-52da-495b-8b90-43a159e29716,22.0,28.0,26.0,23.0,23.0,24.0,27.0,27.0,27.0,24.0,25.0
380d3440-3d4c-447b-a3a7-57ff7afdbee8,25.0,27.0,27.0,27.0,26.0,24.0,26.0,24.0,26.0,23.0,26.0
7f3f17d9-2c5a-4147-bb32-7e66b6e4d786,23.0,27.0,22.0,19.0,28.0,24.0,27.0,22.0,25.0,25.0,26.0
fdf4e08e-f048-4eeb-a1a1-9a6d7f5b9d7b,24.0,27.0,27.0,26.0,26.0,25.0,24.0,27.0,25.0,25.0,28.0
2c70ae79-bc6b-4d2e-952c-49f4532561c1,25.0,24.0,23.0,27.0,26.0,28.0,27.0,27.0,22.0,29.0,27.0
cd95eaed-b12a-437b-b6af-826b15ec3170,24.0,25.0,27.0,26.0,27.0,19.0,22.0,26.0,23.0,24.0,27.0
3e680a11-aff1-48c1-9096-b01600f10aaa,25.0,23.0,24.0,25.0,23.0,23.0,25.0,25.0,23.0,24.0,30.0
5e9a75c0-d3f3-4220-b1d2-bfc89f646b6e,26.0,25.0,24.0,25.0,28.0,22.0,24.0,27.0,28.0,27.0,26.0
00115a30-da72-4ff7-a19d-b8dfa370ed6b,28.0,25.0,26.0,24.0,27.0,23.0,25.0,25.0,26.0,22.0,23.0
9b271265-0c81-4fe1-9815-c0ac6da53a73,23.0,26.0,24.0,25.0,23.0,27.0,27.0,29.0,23.0,26.0,26.0
f7c7e295-0ab5-4880-b692-ef99a5dc586e,23.0,28.0,24.0,28.0,25.0,24.0,24.0,27.0,25.0,25.0,24.0
d80e63d1-5a43-446a-83ea-1aac9609b317,23.0,28.0,28.0,27.0,27.0,26.0,26.0,25.0,21.0,25.0,27.0
5b04982f-3042-4379-9a15-bf77b91260d8,25.0,26.0,24.0,24.0,25.0,24.0,25.0,25.0,25.0,22.0,26.0
e7cc4ef6-1b39-4101-a354-38820e1a0df8,27.0,23.0,29.0,24.0,25.0,28.0,27.0,26.0,25.0,23.0,26.0
6d5a7f47-c318-4bf4-aad9-6cbade42836b,28.0,28.0,23.0,23.0,22.0,22.0,26.0,29.0,23.0,25.0,24.0
4da9a4c7-ff2f-4241-8944-78e2904c5735,23.0,25.0,25.0,24.0,21.0,24.0,26.0,25.0,25.0,27.0,24.0
36fc7db2-2b62-4714-8945-f63d4da1947a,30.0,23.0,28.0,29.0,25.0,22.0,25.0,22.0,24.0,27.0,25.0
2f6be62e-cc13-49f9-95e0-25cbfdde6dec,21.0,27.0,23.0,24.0,28.0,25.0,25.0,24.0,23.0,23.0,28.0
7bef8089-b206-4b58-8004-bfa9575d7efb,22.0,29.0,25.0,26.0,22.0,22.0,28.0,27.0,24.0,27.0,23.0
52702384-fc9f-4d13-ae37-a7699878189d,27.0,23.0,22.0,24.0,22.0,25.0,25.0,23.0,24.0,28.0,27.0
68f39a5a-9516-47d8-85fb-6cb42a10be66,23.0,25.0,29.0,24.0,23.0,24.0,26.0,26.0,27.0,26.0,23.0
b548ade6-ef15-4908-8d2e-b19ec7326589,24.0,25.0,25.0,25.0,28.0,23.0,27.0,27.0,23.0,28.0,24.0
f2977236-6ccf-4186-b21d-0fd5b5c00da0,23.0,24.0,27.0,26.0,22.0,25.0,22.0,23.0,25.0,24.0,24.0
30b2d46c-d102-4d00-874a-93f8adfafb78,25.0,21.0,26.0,25.0,25.0,26.0,23.0,25.0,26.0,24.0,27.0
c8cd8bf3-2858-4445-8778-ddb28274d01b,24.0,23.0,25.0,25.0,24.0,25.0,25.0,23.0,24.0,26.0,22.0
c975170f-9ca3-4ac6-b26b-980f0072974f,25.0,23.0,24.0,25.0,24.0,26.0,23.0,26.0,26.0,27.0,25.0
751f8769-854f-4a22-80c9-b53854c55f10,24.0,24.0,24.0,24.0,28.0,24.0,26.0,25.0,26.0,26.0,26.0
17d71537-08b4-4148-b129-261f95e4fdcc,22.0,25.0,24.0,25.0,22.0,27.0,27.0,26.0,26.0,26.0,24.0
597c9ac3-7293-4fa8-bb3e-b3465adb6d06,26.0,26.0,25.0,24.0,24.0,26.0,28.0,27.0,25.0,24.0,22.0
9bad140f-bc61-4c70-80d8-77148bea4629,29.0,29.0,25.0,23.0,24.0,31.0,24.0,24.0,25.0,27.0,23.0
e3b126ff-1f9e-47be-948f-5fbdb6f12111,25.0,22.0,25.0,25.0,29.0,28.0,24.0,27.0,28.0,28.0,21.0
7d2d745e-28fc-4468-baed-0c06d4d8bf40,22.0,26.0,25.0,27.0,23.0,27.0,26.0,27.0,24.0,24.0,21.0
a3e447f1-0380-4906-903b-d56d8bb19b8d,27.0,24.0,22.0,27.0,29.0,25.0,23.0,26.0,26.0,23.0,28.0
15267596-f30a-4765-af70-afd8493fe123,29.0,26.0,26.0,26.0,24.0,29.0,25.0,25.0,23.0,21.0,23.0
2b2bfb39-9d83-4e00-a789-b86c09722e11,28.0,25.0,23.0,23.0,26.0,25.0,22.0,26.0,29.0,26.0,26.0
96e2f6e5-fb6f-4c33-952a-3d09889680e7,24.0,25.0,28.0,28.0,22.0,25.0,29.0,24.0,28.0,24.0,22.0
a67d6537-3bed-41bd-8b06-57872d948838,26.0,27.0,23.0,24.0,25.0,24.0,25.0,22.0,24.0,22.0,22.0
e10ca452-7825-4a38-bbac-54f1aec2bf94,24.0,21.0,27.0,25.0,23.0,25.0,22.0,27.0,25.0,30.0,26.0
dc9e95c9-f6e5-4a8f-9619-fa5b289e1e55,24.0,22.0,26.0,27.0,25.0,25.0,25.0,24.0,25.0,26.0,23.0
6e73e6ad-ef74-4063-aae3-d059e7c16e5f,24.0,25.0,25.0,24.0,21.0,24.0,28.0,28.0,29.0,27.0,24.0
ba3d67f7-595b-467b-8163-a0fe120e059b,29.0,24.0,24.0,24.0,24.0,28.0,24.0,29.0,27.0,27.0,24.0
d241f7e0-b7c6-4919-9670-6797422b47f9,25.0,24.0,26.0,24.0,21.0,28.0,23.0,27.0,22.0,24.0,21.0
3dc6a493-7bcf-43cb-85eb-3d58794a68fa,28.0,26.0,27.0,23.0,22.0,27.0,28.0,25.0,23.0,28.0,25.0
7c621fa1-6c59-4e22-88ee-2d0ecb47e837,25.0,26.0,29.0,26.0,29.0,24.0,24.0,23.0,26.0,24.0,26.0
ccdec45b-1b1c-43f8-a64b-b7371803a139,22.0,21.0,23.0,20.0,26.0,28.0,24.0,30.0,26.0,27.0,26.0
92ead9c2-0940-4f49-89ab-72a9b48b9989,26.0,24.0,27.0,25.0,24.0,29.0,24.0,26.0,24.0,23.0,28.0
6f162275-35a5-4e40-a00a-9f05abb7fc84,22.0,24.0,25.0,28.0,26.0,25.0,24.0,23.0,26.0,27.0,27.0
5e084519-bb18-446b-9dc0-699eed3e1c4a,26.0,23.0,25.0,25.0,26.0,26.0,25.0,23.0,25.0,22.0,27.0
0556a9cb-faba-4788-8577-18776bcdefcd,26.0,29.0,27.0,22.0,27.0,26.0,24.0,23.0,27.0,23.0,27.0
bbdcce3f-4a7c-48b9-9e02-3b57c73abd58,29.0,23.0,24.0,23.0,24.0,25.0,24.0,23.0,28.0,29.0,26.0
032ad3bc-80c1-47ea-85ca-699175cddebe,28.0,25.0,24.0,29.0,24.0,28.0,21.0,22.0,25.0,26.0,23.0
2a3b286c-9799-4a31-ba5b-d69cd36161d7,25.0,25.0,24.0,27.0,26.0,24.0,25.0,24.0,28.0,24.0,24.0
5a7236d8-7618-412d-bcf4-b150e48472e7,26.0,26.0,25.0,26.0,23.0,24.0,26.0,25.0,24.0,26.0,27.0
98451b98-9c4b-430a-888a-26ac2361d117,23.0,22.0,26.0,25.0,27.0,23.0,23.0,25.0,21.0,26.0,24.0
86afc086-786d-4ee7-9e2b-46d8f1a80f45,27.0,21.0,25.0,26.0,26.0,28.0,25.0,28.0,22.0,23.0,26.0
92364920-19af-4764-af11-3d5c4498761e,28.0,26.0,24.0,21.0,26.0,28.0,27.0,27.0,22.0,31.0,27.0
2310a159-1b9c-41a4-951f-0a2ac6b0af34,23.0,25.0,24.0,27.0,25.0,30.0,27.0,30.0,25.0,27.0,22.0
8f1a14c0-2dd8-45ca-bcdc-f1e81f9ad7ec,25.0,25.0,27.0,26.0,25.0,21.0,24.0,26.0,24.0,26.0,25.0
739e8fa6-c175-4d79-8dd7-f0c59e2b48df,26.0,23.0,27.0,26.0,23.0,28.0,27.0,24.0,23.0,25.0,25.0
d429640c-74b9-4bc5-bfe2-333417701ff4,28.0,27.0,22.0,24.0,26.0,27.0,24.0,23.0,26.0,25.0,24.0
251109b3-2ce6-4823-b3ce-98286f4c61f1,24.0,25.0,24.0,25.0,24.0,28.0,28.0,28.0,24.0,25.0,24.0
77d31826-21a0-4e5c-bb35-aa250b5340ac,25.0,26.0,16.0,27.0,29.0,27.0,28.0,28.0,26.0,23.0,22.0
2f70aa1d-8425-45fa-8b56-61376e4d58c4,24.0,26.0,24.0,24.0,26.0,26.0,28.0,29.0,25.0,26.0,23.0
d96f24db-d001-4f97-b61b-7d81d2587386,25.0,23.0,24.0,25.0,24.0,22.0,26.0,26.0,23.0,24.0,25.0
c712121f-ba1f-4037-83ba-821dd9e8fd17,28.0,29.0,24.0,26.0,25.0,26.0,27.0,22.0,27.0,29.0,27.0
ad44a62a-1947-4559-bf76-2b5541215ddf,24.0,24.0,29.0,25.0,24.0,25.0,26.0,29.0,28.0,23.0,26.0
74e6f76d-0063-4f1b-93ce-cefe28fdb0c8,27.0,24.0,23.0,25.0,24.0,26.0,23.0,27.0,27.0,23.0,27.0
bc951f95-3f13-4b85-9826-39cb4ca0603c,26.0,27.0,27.0,21.0,24.0,29.0,23.0,26.0,25.0,24.0,24.0
f35be063-b564-45e0-be3c-18f45476b468,27.0,27.0,27.0,26.0,23.0,25.0,27.0,24.0,25.0,25.0,22.0
65e109c4-d011-4848-b0cc-979edf586372,29.0,23.0,23.0,26.0,27.0,23.0,22.0,24.0,24.0,22.0,25.0
1071d2b1-91f7-4b9c-9730-b560aa17965a,26.0,24.0,28.0,25.0,24.0,25.0,27.0,27.0,29.0,28.0,27.0
70ca48da-a3b4-46f5-9217-527e1cabe773,27.0,24.0,28.0,24.0,27.0,24.0,23.0,25.0,25.0,27.0,26.0
09af390d-0266-4fe3-a065-6a7799b9b4cc,21.0,28.0,26.0,24.0,27.0,20.0,27.0,23.0,25.0,23.0,25.0
0259a99f-02af-4211-a9dc-9fe7445b2297,25.0,30.0,26.0,27.0,29.0,25.0,28.0,26.0,26.0,26.0,25.0
ae2c9ac5-d09a-4174-a746-dc60f98c359a,25.0,24.0,24.0,24.0,26.0,26.0,26.0,27.0,24.0,24.0,24.0
a9c7abc5-2d04-4476-ab7f-9d325d2a3a8a,26.0,28.0,21.0,24.0,23.0,25.0,25.0,26.0,29.0,26.0,26.0
8aba7f09-c7a1-4488-add1-f53c73e1722a,24.0,24.0,28.0,25.0,26.0,25.0,22.0,25.0,33.0,25.0,25.0
84a0bc5d-5bdc-41ba-bfd2-3d2122888d91,24.0,25.0,25.0,27.0,22.0,28.0,28.0,28.0,24.0,24.0,26.0
e766c764-3912-47f7-9700-6c6a60903381,23.0,23.0,24.0,25.0,23.0,26.0,24.0,28.0,24.0,27.0,23.0
8845508f-f423-433c-bb63-68c4f7f4c6d4,21.0,25.0,23.0,24.0,23.0,26.0,26.0,25.0,26.0,27.0,25.0
d7387c9d-bb38-4f93-9b9d-69de194f3c56,25.0,24.0,24.0,24.0,24.0,24.0,23.0,26.0,23.0,24.0,27.0
48713cc7-38a7-44d7-b0c2-eca1b0e53c31,25.0,23.0,27.0,26.0,26.0,21.0,27.0,24.0,29.0,26.0,26.0
afa8e4be-cf74-4d4e-b723-6bea7481ded6,24.0,25.0,26.0,26.0,25.0,24.0,22.0,23.0,26.0,26.0,27.0
fcbd63be-6c12-4c14-8079-92d214032adc,24.0,25.0,25.0,26.0,23.0,23.0,24.0,25.0,23.0,26.0,23.0
aafd339f-8d45-43f5-b085-a41bf237acd9,26.0,26.0,26.0,27.0,25.0,25.0,24.0,24.0,23.0,26.0,28.0
b1d0117d-8440-4764-b5d7-4057829dfa1f,25.0,22.0,27.0,27.0,24.0,22.0,26.0,25.0,25.0,29.0,26.0
b543d62d-bf20-40cd-98e6-1b17e30f518b,24.0,24.0,27.0,30.0,27.0,26.0,25.0,26.0,28.0,29.0,28.0
5fd7184d-2d82-4b36-a613-db1be058a023,28.0,23.0,24.0,28.0,27.0,23.0,26.0,26.0,24.0,25.0,27.0
b91bc14d-347d-4aa4-81ba-b8391fdd8c2c,27.0,26.0,24.0,25.0,24.0,27.0,29.0,28.0,27.0,26.0,26.0
b1765872-3114-4784-9c54-186c2444cb9a,27.0,22.0,21.0,28.0,24.0,25.0,23.0,26.0,22.0,27.0,25.0
734eb5b3-9852-4456-8bab-86d507965f3d,26.0,25.0,24.0,28.0,25.0,27.0,27.0,27.0,29.0,25.0,25.0
2179c772-e7a2-4687-aa15-d08759e64e9e,24.0,26.0,26.0,28.0,25.0,26.0,24.0,23.0,26.0,23.0,24.0
b3e68844-b357-4da9-ba52-d0116737f21e,25.0,27.0,25.0,26.0,24.0,25.0,24.0,24.0,26.0,24.0,23.0
718cd124-e5b4-4a9e-854e-20a9716024a5,23.0,26.0,28.0,23.0,27.0,24.0,20.0,26.0,23.0,27.0,27.0
8d48a98d-3bed-4f1a-b65c-3f56a9520592,25.0,26.0,25.0,21.0,25.0,24.0,22.0,24.0,26.0,27.0,26.0
14891970-844f-4145-b43a-92e23b9ad0de,25.0,31.0,26.0,25.0,23.0,25.0,25.0,24.0,24.0,22.0,27.0
5c9a2978-1aab-4c51-9c48-c13538285433,24.0,30.0,24.0,29.0,21.0,25.0,24.0,22.0,24.0,26.0,26.0
70340c6d-6756-47da-9fa6-247ea96c9856,24.0,25.0,27.0,23.0,26.0,24.0,24.0,25.0,28.0,25.0,21.0
8eba00d7-f431-4d56-a29c-0de9f28d2020,28.0,23.0,27.0,23.0,23.0,25.0,26.0,23.0,25.0,25.0,25.0
c6bfd57c-cdb5-4183-8c2f-d529c4457935,23.0,28.0,25.0,32.0,23.0,25.0,29.0,26.0,23.0,23.0,26.0
a2d24854-60c1-4ac1-a498-ca19d125c885,27.0,28.0,28.0,25.0,27.0,30.0,21.0,23.0,25.0,28.0,22.0
0b02f43d-1bbc-4591-ab3a-67dc76bdd070,25.0,25.0,27.0,24.0,21.0,28.0,25.0,25.0,26.0,24.0,27.0
314177bc-4fb3-4ce0-82a7-0458c3866270,25.0,26.0,27.0,24.0,25.0,22.0,23.0,24.0,25.0,24.0,28.0
829bad64-685e-4b72-b2ac-d41e4a673c00,29.0,22.0,26.0,24.0,26.0,23.0,27.0,26.0,24.0,27.0,28.0
44758cfa-b8c0-4d29-8317-820cd09e8090,24.0,26.0,25.0,27.0,23.0,23.0,21.0,22.0,23.0,24.0,30.0
a9d8c43f-059e-48b2-a539-9f3a9c0b7e10,25.0,24.0,24.0,29.0,26.0,25.0,25.0,25.0,25.0,22.0,24.0
993f42f1-0fec-42b4-8afb-fcb49db98db9,28.0,28.0,26.0,25.0,24.0,25.0,22.0,25.0,29.0,27.0,27.0
c12a08f3-bd6e-4129-a190-d5e9057259f9,29.0,22.0,24.0,24.0,26.0,24.0,24.0,27.0,23.0,27.0,24.0
5b6e5db7-c504-436e-8863-dc3a1e41f2df,25.0,24.0,24.0,25.0,25.0,23.0,24.0,25.0,27.0,27.0,24.0
a4035ab7-623e-4636-a16f-6706d9794900,21.0,25.0,25.0,28.0,26.0,28.0,27.0,22.0,27.0,26.0,27.0
614dbc0b-a6c1-4949-92df-c2996225d86c,24.0,25.0,27.0,26.0,25.0,24.0,20.0,26.0,23.0,24.0,29.0
e97ef1c9-0bbe-419f-8351-e9bd0be1b26f,23.0,27.0,27.0,28.0,25.0,22.0,24.0,24.0,23.0,25.0,27.0
bcf3ee87-3eda-4a03-8ace-190ce640c801,25.0,24.0,24.0,24.0,27.0,26.0,23.0,28.0,21.0,24.0,24.0
0613fdb3-27cd-4270-9064-1d43e7fae6e8,25.0,22.0,26.0,23.0,19.0,26.0,24.0,23.0,26.0,25.0,24.0
fd67b391-2c39-46ab-b86f-307e2047f335,25.0,26.0,28.0,27.0,22.0,28.0,23.0,28.0,25.0,25.0,30.0
4c016660-600b-4094-bb55-cfdcdcba11af,26.0,23.0,28.0,26.0,28.0,22.0,24.0,22.0,25.0,24.0,23.0
7bb14472-7e6a-4fc3-b043-9a867bc26182,24.0,26.0,22.0,26.0,23.0,24.0,24.0,20.0,24.0,24.0,28.0
6b23283f-56cc-4217-86d6-4519fbb7b969,23.0,26.0,24.0,27.0,22.0,25.0,27.0,23.0,22.0,24.0,25.0
c0f02772-1793-4d5d-8d35-d504409e8ac1,27.0,24.0,24.0,24.0,24.0,22.0,29.0,25.0,26.0,27.0,26.0
325fec79-618e-475b-925e-6f0aeb320a9c,25.0,26.0,24.0,24.0,24.0,28.0,29.0,24.0,25.0,27.0,28.0
eae8de06-31ff-45b0-adee-c4e546120657,27.0,24.0,23.0,22.0,24.0,23.0,25.0,28.0,22.0,26.0,24.0
d5658ae5-f45a-496c-9104-f40bb318da5d,23.0,25.0,27.0,25.0,27.0,24.0,26.0,26.0,27.0,24.0,24.0
2a994147-d034-40f7-9483-c62bd70aec50,26.0,22.0,25.0,27.0,25.0,25.0,27.0,22.0,21.0,27.0,27.0
1cd4ce8d-e6b6-4c08-bc66-90c16de1876d,27.0,23.0,22.0,22.0,23.0,22.0,29.0,21.0,25.0,25.0,27.0
15ca37ac-9438-49dd-9204-aee80cf0de82,23.0,23.0,25.0,25.0,26.0,22.0,20.0,24.0,23.0,24.0,25.0
6abcb4ea-1715-4f0f-bb53-cfb48c2a467d,25.0,26.0,28.0,22.0,26.0,29.0,22.0,28.0,26.0,23.0,23.0
68826be4-1fb7-445a-914e-e2350c44904c,26.0,21.0,21.0,25.0,27.0,21.0,21.0,26.0,26.0,23.0,28.0
06e0241c-01ad-4c34-af6a-625fdc95a18f,23.0,24.0,22.0,27.0,27.0,25.0,27.0,23.0,24.0,23.0,28.0
94196969-8fba-43a3-9e65-d8f24d782b8c,29.0,23.0,28.0,26.0,26.0,19.0,26.0,28.0,23.0,24.0,24.0
e108c72e-2b8b-4caa-9e71-3ec92073edd6,23.0,28.0,27.0,23.0,25.0,23.0,28.0,23.0,25.0,23.0,28.0
f0ee3bda-56eb-4b99-9e50-d8750a6f4eed,29.0,23.0,22.0,26.0,25.0,22.0,25.0,21.0,26.0,26.0,27.0
6b943713-bf54-4b6e-8861-fd2ec2738ff4,26.0,26.0,23.0,20.0,24.0,22.0,29.0,27.0,22.0,27.0,22.0
0b9ec880-cfc7-4ef6-a73f-58dd8e5d24d4,25.0,23.0,25.0,25.0,25.0,27.0,26.0,25.0,22.0,22.0,25.0
01a605cf-1abc-4122-a8eb-6d9695de60cb,24.0,25.0,22.0,28.0,24.0,25.0,24.0,25.0,25.0,23.0,27.0
5e08c9c4-4f2f-4b3e-8f5e-cd3e5323cb32,26.0,27.0,22.0,27.0,24.0,28.0,24.0,22.0,23.0,24.0,28.0
e98c8493-b51c-4f29-8993-b0128d1b7b04,23.0,25.0,23.0,25.0,26.0,25.0,23.0,21.0,24.0,29.0,27.0
907c2dd8-5301-4c16-aee3-1a9438e057f1,24.0,23.0,23.0,28.0,26.0,25.0,27.0,22.0,23.0,24.0,27.0
fa3fe700-6980-4947-add1-42a82c6a3adf,23.0,26.0,24.0,28.0,25.0,26.0,27.0,25.0,24.0,28.0,23.0
42116d49-32fa-4b2b-98b1-6aec787d136e,26.0,22.0,20.0,25.0,21.0,25.0,25.0,25.0,22.0,19.0,24.0
fa880d54-ceae-4902-94ac-334c21174565,24.0,26.0,26.0,21.0,25.0,26.0,22.0,24.0,27.0,27.0,25.0
34d9bc7b-ba42-40be-84f7-d8792e720550,25.0,25.0,30.0,27.0,25.0,27.0,26.0,25.0,27.0,22.0,24.0
cb313cd9-36b7-42c6-9348-d80766c9e1b4,26.0,25.0,25.0,25.0,25.0,26.0,22.0,25.0,24.0,27.0,22.0
6312e4d0-0432-47c7-ab1c-de10b7303f16,23.0,26.0,23.0,27.0,25.0,24.0,27.0,23.0,25.0,22.0,27.0
c5330dd3-08a8-4ebe-a878-b9d7e9302313,27.0,24.0,25.0,22.0,23.0,26.0,28.0,23.0,29.0,29.0,24.0
3d9af2ee-5c0b-4b38-bf7c-2273977db8a6,23.0,28.0,27.0,25.0,27.0,23.0,26.0,24.0,25.0,24.0,24.0
d196c819-904b-4299-ba2e-529b9b570ff6,24.0,25.0,25.0,22.0,22.0,28.0,21.0,26.0,26.0,24.0,23.0
d38e957d-713c-4a38-9644-4fd8488b4543,29.0,23.0,24.0,29.0,28.0,23.0,24.0,22.0,27.0,21.0,25.0
26df5659-dbde-4a53-b4c2-a5aa40ee452c,25.0,27.0,24.0,24.0,25.0,24.0,27.0,25.0,24.0,23.0,24.0
7db9a877-6767-4263-8230-f1399a05b845,28.0,23.0,24.0,27.0,23.0,29.0,25.0,29.0,25.0,25.0,27.0
ca407259-f7d9-49e5-ad75-30134e25608e,25.0,26.0,25.0,26.0,32.0,23.0,24.0,27.0,27.0,23.0,26.0
c9fee7d1-e118-41eb-8d50-d94733f64031,25.0,27.0,29.0,27.0,27.0,24.0,27.0,25.0,26.0,25.0,26.0
81c215e8-a9cc-4d5e-b8d4-397edfec1503,24.0,28.0,28.0,28.0,25.0,21.0,23.0,23.0,24.0,25.0,24.0
003c0857-2846-4dd1-98e6-464be7377fa3,23.0,21.0,22.0,26.0,26.0,22.0,26.0,24.0,25.0,25.0,27.0
0a257f1f-e3ae-4ffa-b022-e9b79c101e3a,22.0,24.0,27.0,26.0,26.0,26.0,27.0,24.0,21.0,25.0,28.0
3ac7b76d-6cab-442a-b67c-ce016a5e5ea1,23.0,24.0,29.0,23.0,28.0,27.0,21.0,23.0,24.0,26.0,26.0
fc40bf9b-5cb7-4282-88c4-2ca2f609f1d4,24.0,26.0,27.0,24.0,25.0,20.0,26.0,25.0,25.0,26.0,24.0
b2f5a10a-87ef-45f5-b63b-e7c588c6a84b,29.0,25.0,28.0,27.0,23.0,26.0,27.0,26.0,27.0,26.0,24.0
a08b8606-d471-4462-ac87-159759db0110,25.0,23.0,24.0,25.0,25.0,25.0,20.0,25.0,24.0,23.0,26.0
ee2b9e18-301f-4555-b2e9-0916cc2e4bd3,26.0,21.0,25.0,21.0,23.0,26.0,27.0,23.0,29.0,22.0,25.0
e1b646eb-f369-499a-9f14-2478533e3f95,25.0,23.0,23.0,27.0,25.0,27.0,26.0,26.0,25.0,25.0,24.0
a244a46d-e8de-495c-9f2e-62a8641b72b8,21.0,25.0,24.0,28.0,28.0,23.0,23.0,25.0,25.0,30.0,23.0
bc6e18f5-9481-4bdb-82ed-0bd716ea00a3,26.0,25.0,28.0,24.0,25.0,27.0,26.0,27.0,21.0,23.0,21.0
41f30300-9b39-43c6-b92f-61b52aa8c901,23.0,25.0,22.0,23.0,25.0,25.0,25.0,30.0,26.0,26.0,25.0
c05e3f14-057e-4cea-a42d-acf280032c1d,24.0,26.0,28.0,25.0,26.0,27.0,23.0,27.0,23.0,29.0,24.0
69650a6f-df62-4352-95db-2df28ddee24c,24.0,25.0,25.0,24.0,25.0,25.0,26.0,22.0,24.0,24.0,24.0
6157d7bf-c388-4590-aa2a-0c20417c2142,25.0,26.0,26.0,22.0,27.0,21.0,26.0,23.0,24.0,25.0,31.0
54ea13bf-4d76-4015-862b-3a96e0f209a9,25.0,22.0,23.0,29.0,24.0,22.0,25.0,22.0,24.0,23.0,25.0
289c9b9b-76e3-4ac9-bbb4-3bd1370fcade,28.0,26.0,28.0,24.0,23.0,24.0,26.0,25.0,27.0,25.0,25.0
0d8e6107-6658-49b2-a71e-9035e054c549,29.0,28.0,28.0,26.0,28.0,25.0,23.0,22.0,28.0,25.0,29.0
d2be777b-f7dd-4e55-aed9-091ab27d6235,24.0,25.0,26.0,25.0,26.0,23.0,25.0,25.0,23.0,24.0,25.0
de204574-a9a9-4f09-8baf-cabbb736d6c1,27.0,25.0,23.0,25.0,25.0,28.0,27.0,24.0,28.0,26.0,25.0
a50b3039-5021-4fcd-ac11-583a4412d6a4,24.0,27.0,23.0,26.0,23.0,28.0,24.0,22.0,28.0,23.0,25.0
badac061-b2a8-4616-bde6-ae9471e2ba01,23.0,26.0,26.0,25.0,28.0,23.0,22.0,24.0,26.0,25.0,26.0
5aef9f78-d906-4028-8862-a013bea976c3,26.0,25.0,25.0,30.0,24.0,25.0,20.0,27.0,24.0,27.0,29.0
c10807f2-56a1-4d69-9e2b-d1f596672a89,27.0,25.0,27.0,27.0,23.0,27.0,24.0,23.0,25.0,25.0,27.0
0f0de5b8-e457-4689-84bf-c9c8655b84df,23.0,27.0,23.0,27.0,23.0,24.0,21.0,21.0,27.0,30.0,25.0
f6fb7ffd-02b3-43f4-90be-dacfd9f98326,26.0,24.0,24.0,25.0,27.0,22.0,23.0,25.0,27.0,21.0,24.0
8df2be55-5801-43a6-80bc-066325e507c0,24.0,24.0,20.0,28.0,23.0,24.0,29.0,26.0,22.0,24.0,26.0
c802a075-1abb-4ed6-8ad5-fa1663714ce3,22.0,29.0,24.0,27.0,24.0,28.0,26.0,28.0,23.0,26.0,23.0
9dadae50-f7aa-4226-9110-a15240822b17,28.0,22.0,26.0,24.0,19.0,23.0,23.0,25.0,25.0,26.0,23.0
375c2aa4-c754-42df-ab6c-7fe019754d76,25.0,27.0,24.0,25.0,30.0,27.0,28.0,24.0,23.0,26.0,24.0
9de17d47-7a17-4567-8944-206023e2dd23,29.0,23.0,26.0,26.0,27.0,21.0,21.0,23.0,28.0,24.0,26.0
c2fb2991-32ee-42d9-9c70-2de85555e013,27.0,28.0,27.0,23.0,28.0,24.0,26.0,24.0,23.0,29.0,24.0
e8db0375-fa69-4aac-bc26-58c7691407e4,25.0,24.0,25.0,24.0,29.0,26.0,23.0,24.0,24.0,27.0,26.0
6d80c9f7-787f-4899-b886-a3a49464ef43,24.0,24.0,26.0,23.0,25.0,25.0,29.0,24.0,25.0,28.0,19.0
b3c7dadf-2bd3-4b53-aec3-8b251d57b68b,23.0,25.0,21.0,22.0,23.0,23.0,24.0,27.0,24.0,27.0,24.0
ed7a8457-b568-4f99-ac26-f6388a00fa5e,27.0,28.0,25.0,23.0,27.0,24.0,25.0,26.0,27.0,26.0,26.0
6b45c09c-857b-4c37-81e2-a4c57892e36f,25.0,23.0,26.0,28.0,26.0,24.0,26.0,24.0,23.0,27.0,25.0
f2a3bfff-3440-495e-be09-a79c2a74ee1c,23.0,24.0,24.0,21.0,23.0,24.0,28.0,28.0,24.0,22.0,26.0
8ace9869-d2ff-4f28-a0e8-5b07def824df,24.0,25.0,25.0,27.0,25.0,26.0,25.0,24.0,21.0,24.0,24.0
af3c106b-5e9d-4d26-971e-c71e614dc95a,22.0,23.0,25.0,23.0,27.0,26.0,26.0,27.0,24.0,25.0,27.0
1059d97b-246e-48fb-b39e-cbb08ba43cb3,24.0,27.0,24.0,25.0,25.0,25.0,27.0,24.0,24.0,24.0,27.0
293313da-5493-45bb-8c7e-53fbcb821d84,23.0,27.0,24.0,24.0,24.0,25.0,27.0,26.0,24.0,26.0,26.0
bc6b3a70-7c6a-4635-b016-b2bed59bbc0f,24.0,22.0,26.0,27.0,20.0,27.0,26.0,26.0,24.0,22.0,28.0
9079f3fe-6874-4a74-9f65-887188ca99ca,25.0,25.0,24.0,27.0,26.0,27.0,26.0,26.0,28.0,23.0,24.0
d5ca6f3f-0004-45f2-b12d-c436bb3f6f8c,27.0,24.0,25.0,25.0,26.0,25.0,21.0,23.0,24.0,22.0,23.0
db1f5103-7a36-4f2c-ab02-579bacb847e9,26.0,24.0,27.0,22.0,25.0,25.0,22.0,24.0,24.0,30.0,23.0
d8786119-5fb3-4275-b683-e44cdc197b84,24.0,27.0,26.0,27.0,22.0,28.0,28.0,26.0,24.0,18.0,27.0
c57438ac-9a51-41d1-aa70-cdebb1665394,28.0,22.0,26.0,26.0,27.0,23.0,27.0,21.0,22.0,24.0,23.0
67841012-e429-48aa-ad97-af40aa797230,25.0,24.0,27.0,25.0,22.0,26.0,26.0,26.0,26.0,22.0,27.0
d8dc44f9-55b6-4b44-bcce-049e7b2c86a5,24.0,24.0,28.0,26.0,29.0,26.0,27.0,27.0,23.0,26.0,30.0
4708f381-50a2-44a7-a3e4-59f93cabaf38,24.0,23.0,21.0,25.0,24.0,29.0,21.0,22.0,24.0,28.0,27.0
4a5858da-9dac-4dd7-8fae-edce5ade092f,26.0,26.0,26.0,24.0,23.0,24.0,23.0,27.0,29.0,25.0,31.0
ca367d3f-080b-4dc3-b573-379e39ad6877,24.0,27.0,25.0,28.0,26.0,23.0,29.0,25.0,24.0,28.0,22.0
39ebf4a0-0bdd-431e-b18a-3043c27aad5d,23.0,25.0,26.0,22.0,22.0,25.0,26.0,25.0,28.0,27.0,22.0
bc73ec9d-109b-44ee-bed2-b5c5ad3145c4,26.0,21.0,29.0,27.0,24.0,28.0,23.0,24.0,24.0,23.0,23.0
38cf73b1-78c9-4fc7-b1ff-d1364ac2a9b5,25.0,25.0,24.0,26.0,24.0,26.0,26.0,27.0,26.0,26.0,28.0
6e82d5d3-a0e6-48fb-96a8-67d21010e947,23.0,25.0,25.0,26.0,25.0,22.0,26.0,24.0,28.0,23.0,23.0
658d40b6-05a5-4f27-8643-2956b8855466,25.0,26.0,23.0,28.0,25.0,26.0,25.0,26.0,25.0,23.0,27.0
2425c56e-bbec-40fb-89af-f69e12e4d113,27.0,26.0,25.0,26.0,27.0,28.0,26.0,27.0,22.0,25.0,25.0
3078660b-1963-49dc-9888-955b2eb06a48,28.0,25.0,23.0,28.0,25.0,27.0,22.0,27.0,27.0,26.0,27.0
2c834dcf-fea0-4848-85ca-c0bda56b8807,26.0,22.0,24.0,25.0,26.0,25.0,23.0,26.0,23.0,25.0,28.0
ac5e63e3-7ab6-42e2-a83b-559cccb56211,23.0,23.0,23.0,28.0,28.0,26.0,20.0,28.0,28.0,23.0,24.0
f9c4c69f-272f-45b3-8aca-cab367d9176e,24.0,24.0,27.0,28.0,24.0,24.0,25.0,21.0,23.0,28.0,23.0
19a2dccf-463b-4e4f-9ebd-aa113e10f3b0,27.0,28.0,25.0,25.0,24.0,27.0,26.0,25.0,25.0,26.0,23.0
ba77fda6-2563-4966-ad0f-baf57ec205e8,25.0,23.0,25.0,21.0,26.0,25.0,23.0,24.0,28.0,23.0,26.0
7d258c93-2fae-46a2-946d-5a54666a1deb,25.0,27.0,23.0,25.0,26.0,23.0,26.0,23.0,29.0,26.0,23.0
577851f5-a666-4490-abe8-11415425d3e1,25.0,29.0,23.0,25.0,29.0,27.0,25.0,27.0,21.0,23.0,25.0
509bed5c-7571-4314-ab3e-581daa69bf05,25.0,25.0,27.0,23.0,24.0,31.0,23.0,23.0,25.0,21.0,26.0
502402b3-c218-437d-9365-9b3cc90fef84,27.0,27.0,24.0,23.0,25.0,23.0,25.0,24.0,27.0,26.0,25.0
5cb40dcb-63a8-422b-b6ba-f740a92196ed,26.0,26.0,23.0,26.0,23.0,23.0,23.0,21.0,27.0,23.0,27.0
8733b86c-e93b-4447-b51d-51f48b4a291f,25.0,26.0,28.0,24.0,23.0,27.0,26.0,26.0,23.0,25.0,22.0
d14a05ad-d559-4845-9247-120b30e1858a,25.0,22.0,27.0,27.0,24.0,24.0,26.0,26.0,26.0,22.0,20.0
c3b5f360-2d36-4331-b167-c0af768a646e,25.0,28.0,25.0,22.0,22.0,24.0,25.0,25.0,28.0,27.0,25.0
066c3162-8db1-4834-9142-d4e68652733b,24.0,25.0,22.0,25.0,24.0,24.0,25.0,25.0,26.0,25.0,28.0
5ebd0191-2b51-4c28-8953-8a29d62ad478,24.0,26.0,26.0,29.0,30.0,28.0,26.0,28.0,23.0,23.0,22.0
97d6ea4e-721a-438a-8eca-a6a67c49f9c0,21.0,25.0,24.0,24.0,26.0,25.0,27.0,28.0,26.0,26.0,26.0
12ea4689-fc4c-4506-b101-9f760739b484,22.0,20.0,26.0,26.0,26.0,25.0,24.0,24.0,24.0,24.0,24.0
73385b14-0966-47ee-8d2a-b0e6256a15ac,22.0,26.0,25.0,24.0,26.0,23.0,29.0,27.0,23.0,31.0,25.0
f5325f5a-9f83-4c17-bb7b-68946bd40600,25.0,26.0,24.0,25.0,25.0,26.0,24.0,24.0,28.0,23.0,27.0
0d2bdec3-16e0-4877-b911-758ba24c02ca,26.0,25.0,26.0,23.0,22.0,25.0,26.0,21.0,24.0,26.0,26.0
6d9cb345-3a3d-4aa9-b765-6d3bc2fca76d,25.0,27.0,26.0,26.0,26.0,26.0,24.0,28.0,26.0,24.0,25.0
8bd86ba7-1b9a-4846-a75d-6f3c91a096b4,25.0,25.0,24.0,25.0,23.0,25.0,25.0,23.0,24.0,28.0,25.0
641b9331-b7e6-4ff8-ad22-e535e5e8f682,24.0,26.0,25.0,25.0,25.0,23.0,26.0,26.0,25.0,25.0,29.0
a9025dec-526a-4725-92ea-5fc897237067,24.0,26.0,26.0,26.0,22.0,23.0,26.0,24.0,23.0,24.0,25.0
16a00794-a1c3-44ea-9384-17699b7b83df,26.0,23.0,27.0,24.0,24.0,25.0,29.0,24.0,26.0,24.0,26.0
5b308039-be1b-4f89-8e53-e1904a079684,24.0,27.0,20.0,23.0,24.0,22.0,28.0,24.0,26.0,23.0,27.0
e8691f45-b2ce-43ed-8704-5d6790f3f35c,29.0,25.0,27.0,27.0,25.0,23.0,22.0,21.0,22.0,24.0,24.0
7dc6bb68-2fed-4516-ba50-f6a0cfb6bd3b,22.0,26.0,25.0,23.0,26.0,26.0,25.0,24.0,22.0,21.0,24.0
2ab90926-4964-4bc1-8634-196609e246ff,24.0,28.0,27.0,24.0,25.0,26.0,25.0,23.0,24.0,27.0,24.0
3dfae5e5-7b8a-445d-8c3d-e5030ec3b7ae,26.0,26.0,25.0,29.0,24.0,24.0,25.0,23.0,25.0,20.0,26.0
0f6c342c-c4a9-4aef-bf12-3ea85a5b72f1,24.0,23.0,25.0,28.0,24.0,25.0,27.0,25.0,23.0,27.0,26.0
86bdf17a-4ab4-47d6-86c2-fd2fba30f949,27.0,28.0,25.0,24.0,27.0,23.0,26.0,21.0,29.0,25.0,23.0
f7048707-7bd0-45de-8903-3bfe7a3584cb,24.0,26.0,23.0,23.0,24.0,27.0,28.0,25.0,28.0,29.0,23.0
45670bc1-3b73-44ff-b139-80f8e53c65c6,27.0,25.0,25.0,22.0,27.0,24.0,26.0,26.0,25.0,21.0,26.0
7d5ce181-dc53-4428-8c3a-38066c5cba50,27.0,24.0,30.0,20.0,25.0,28.0,26.0,25.0,23.0,27.0,23.0
5be4a9a5-45cf-4216-93b4-afef928e0dce,27.0,25.0,22.0,26.0,24.0,23.0,25.0,25.0,22.0,27.0,23.0
7962d67b-a34c-4cd8-956e-18b7a345fe2f,25.0,24.0,26.0,26.0,26.0,26.0,24.0,26.0,26.0,23.0,26.0
925b39e7-f7fb-4f5f-929e-f9ad3846b21e,23.0,27.0,23.0,30.0,24.0,27.0,24.0,26.0,25.0,26.0,23.0
8ee1ec36-f2e6-4ceb-bddc-19b3529b02b7,24.0,27.0,23.0,27.0,23.0,21.0,24.0,26.0,27.0,26.0,28.0
a4d3571a-3905-43a3-96e8-0b49cd749400,24.0,24.0,26.0,23.0,25.0,24.0,21.0,25.0,25.0,25.0,23.0
a851b47c-5096-41dd-b701-32b406a58f35,24.0,27.0,27.0,26.0,24.0,24.0,25.0,27.0,21.0,24.0,27.0
e312bd74-4387-4275-a40b-b6402c2fa319,26.0,24.0,24.0,27.0,22.0,26.0,22.0,27.0,24.0,25.0,26.0
d0e29f12-c375-450f-bb83-01a9b96ea154,25.0,25.0,25.0,21.0,24.0,23.0,24.0,24.0,27.0,29.0,27.0
1c95fea8-b6a6-42ef-b617-063d68451662,29.0,24.0,22.0,26.0,24.0,25.0,23.0,28.0,23.0,25.0,27.0
c064a2f6-e611-4d55-9536-fd40f138fe15,26.0,24.0,25.0,24.0,24.0,21.0,23.0,24.0,25.0,25.0,26.0
8154b4fa-d3ce-40a7-9dcf-7ac2037a9300,26.0,26.0,24.0,25.0,26.0,28.0,23.0,19.0,26.0,22.0,25.0
d8ff1cc6-6131-473d-92c2-0c51a8563261,24.0,25.0,24.0,27.0,26.0,22.0,25.0,25.0,21.0,25.0,29.0
ce8c6d67-2cdf-4156-8caa-4095d40a93cc,25.0,26.0,27.0,23.0,25.0,27.0,23.0,29.0,26.0,28.0,28.0
bce1cd0c-48ac-4997-94bb-70598ae99b4a,26.0,29.0,26.0,27.0,25.0,24.0,23.0,25.0,28.0,26.0,28.0
82ae2546-97b1-4e34-a833-c83cd3b64ddc,25.0,20.0,23.0,22.0,23.0,27.0,25.0,25.0,24.0,28.0,27.0
598bad5c-9fec-44fc-b6e2-eed4759e9833,24.0,22.0,25.0,26.0,27.0,24.0,27.0,25.0,24.0,24.0,24.0
16a31158-2026-4831-a34a-f8625d637098,22.0,25.0,22.0,28.0,23.0,24.0,24.0,26.0,28.0,26.0,25.0
20767023-eb79-4dd3-a637-5b4a01e1807c,25.0,25.0,25.0,27.0,24.0,28.0,24.0,25.0,23.0,26.0,25.0
f64d17fb-0c32-4cf2-9c71-8dd4da999d7a,28.0,25.0,26.0,25.0,26.0,21.0,24.0,26.0,25.0,28.0,26.0
11b5e210-1ea7-4639-b594-228bec931c87,23.0,28.0,23.0,23.0,26.0,26.0,31.0,26.0,25.0,24.0,28.0
49938619-0916-426c-93e6-b49d67ee300c,23.0,25.0,28.0,24.0,25.0,22.0,26.0,25.0,27.0,22.0,25.0
617eef2c-6408-466e-ab1e-31672d494a02,24.0,28.0,24.0,27.0,24.0,23.0,22.0,25.0,25.0,26.0,27.0
ad00ddcf-6e29-4193-b54a-f563c59b850f,25.0,27.0,26.0,29.0,26.0,25.0,25.0,24.0,27.0,24.0,24.0
d0229f91-128e-442b-bb4e-0127f0626c4f,22.0,27.0,24.0,27.0,23.0,25.0,23.0,22.0,20.0,30.0,26.0
5921ca62-a4c4-41d9-a44e-9a5d9d2aac5e,26.0,25.0,27.0,23.0,21.0,27.0,23.0,27.0,24.0,25.0,21.0
90a09256-b5ce-4cfc-9e50-45ee7952c0a4,25.0,27.0,24.0,27.0,24.0,25.0,26.0,26.0,26.0,29.0,29.0
5ac40ff8-746e-4de9-9f4c-1ee0b0bb2463,27.0,23.0,23.0,23.0,27.0,28.0,27.0,24.0,29.0,23.0,20.0
8fa31aa9-3c4d-49c3-8d66-23800a5ff3d8,25.0,24.0,29.0,25.0,24.0,24.0,24.0,27.0,23.0,23.0,27.0
7659cc0a-f1bd-48f8-8fcd-88cdb52ac69e,23.0,24.0,24.0,24.0,27.0,28.0,24.0,25.0,21.0,23.0,25.0
e63ba358-d147-4e83-bdf6-745b7be39385,22.0,26.0,25.0,26.0,29.0,21.0,26.0,28.0,26.0,25.0,25.0
616208c2-81d5-4a68-9476-c354333dd07b,24.0,26.0,27.0,24.0,24.0,24.0,26.0,25.0,28.0,22.0,25.0
0103fba8-aab6-4cd8-9dd9-f57c0428f9f9,25.0,24.0,24.0,24.0,26.0,26.0,26.0,24.0,24.0,26.0,25.0
84c7ae68-7b02-4d68-808a-91032fa5ce80,22.0,29.0,23.0,25.0,27.0,28.0,26.0,23.0,28.0,27.0,27.0
94f8ef01-fe93-437f-b910-1e9247715603,28.0,24.0,23.0,23.0,22.0,27.0,23.0,26.0,22.0,26.0,25.0
0cfe1084-c2db-4614-a5a0-36a0084ef3a6,24.0,28.0,26.0,27.0,24.0,27.0,24.0,23.0,27.0,25.0,23.0
597d72fd-dbb9-4ee6-b825-acaca649ac67,23.0,26.0,26.0,22.0,27.0,29.0,23.0,26.0,25.0,25.0,28.0
3e9e4487-4c62-410a-b653-ef00c6189229,28.0,27.0,24.0,23.0,22.0,22.0,22.0,24.0,25.0,24.0,25.0
ea255337-1347-455b-98c9-ae2a15e4e1a5,25.0,24.0,23.0,27.0,27.0,23.0,26.0,24.0,26.0,26.0,24.0
ec9b84bc-49d8-4f9f-92a5-2b741aab45f0,26.0,25.0,23.0,29.0,25.0,23.0,22.0,22.0,26.0,26.0,27.0
d862b298-e674-4e63-8ca5-082b384f71fe,25.0,25.0,23.0,26.0,23.0,23.0,28.0,25.0,25.0,25.0,22.0
4b5ab673-f7ae-4a2f-835d-8977000bbd81,27.0,26.0,24.0,26.0,23.0,24.0,22.0,29.0,23.0,24.0,23.0
9e2c3756-3e6f-4677-8a5c-9bc42e7a0257,26.0,27.0,20.0,27.0,29.0,27.0,24.0,25.0,27.0,26.0,24.0
9942afd6-0380-4015-9051-af3cc521a943,26.0,25.0,25.0,23.0,25.0,21.0,22.0,25.0,19.0,29.0,26.0
f7562f29-b892-4c04-83a2-2fbd43d2ec45,23.0,25.0,22.0,24.0,27.0,21.0,21.0,23.0,26.0,27.0,25.0
fbc42112-273c-4e21-b9a5-1af01af88d44,24.0,21.0,23.0,27.0,25.0,23.0,27.0,25.0,26.0,23.0,26.0
92890376-a716-4af2-8c49-d1e4b262d912,24.0,24.0,27.0,24.0,28.0,26.0,24.0,27.0,22.0,26.0,26.0
37657207-20a9-4219-ab14-ec6a7470071b,28.0,27.0,23.0,25.0,25.0,27.0,26.0,26.0,22.0,25.0,24.0
215f2935-0c1f-452a-a660-51e0db094237,24.0,25.0,27.0,29.0,26.0,26.0,27.0,24.0,23.0,28.0,26.0
25f27033-aac1-448e-a162-54ae697fac0a,23.0,25.0,26.0,24.0,25.0,26.0,21.0,25.0,22.0,26.0,24.0
0aed23c3-6752-4acd-94a0-9303a69091f6,25.0,28.0,24.0,26.0,25.0,23.0,23.0,27.0,26.0,25.0,27.0
1b076c0e-a0be-46e5-b1b8-7e02de602e49,23.0,22.0,25.0,24.0,26.0,24.0,29.0,25.0,24.0,23.0,26.0
135fe4d0-6e36-43d9-8c1e-9eb31308eb92,22.0,26.0,25.0,28.0,23.0,20.0,25.0,25.0,22.0,25.0,23.0
431a09f4-c484-4464-8ed9-9c35cc23394c,25.0,28.0,30.0,23.0,26.0,25.0,29.0,26.0,25.0,26.0,27.0
48865dd2-ea7c-43d1-94a0-69edb61855e7,26.0,25.0,25.0,25.0,23.0,27.0,25.0,25.0,28.0,24.0,24.0
5cf68e4b-07f7-4820-92d0-5feadece1420,26.0,28.0,28.0,27.0,22.0,23.0,26.0,23.0,27.0,32.0,25.0
09ab4ff1-6f92-41b0-9b5b-023e886bae45,24.0,27.0,24.0,26.0,25.0,23.0,23.0,22.0,25.0,26.0,25.0
0d2806ca-87b7-43af-93d1-e8e9d5f454f8,25.0,24.0,27.0,24.0,27.0,24.0,27.0,23.0,26.0,24.0,21.0
5e300f9f-9cf4-472d-b20e-551281237b21,23.0,27.0,23.0,26.0,24.0,28.0,26.0,25.0,22.0,25.0,26.0
fb0f7b32-bd60-46a4-8ba3-82bac38b8122,25.0,23.0,26.0,24.0,27.0,24.0,30.0,27.0,26.0,23.0,25.0
59ba910d-346b-42be-a6a9-438fece677e0,28.0,25.0,25.0,24.0,22.0,28.0,25.0,26.0,24.0,24.0,28.0
ac7c11a0-c15e-4038-8ed3-0419ef94642b,24.0,24.0,22.0,25.0,26.0,27.0,27.0,21.0,23.0,24.0,23.0
c7044a6e-dc2f-4673-b455-7e16f415eb39,26.0,26.0,27.0,26.0,26.0,25.0,23.0,23.0,25.0,22.0,24.0
195f3984-4bad-4521-aa8e-2f1ab91ca2e0,24.0,23.0,27.0,22.0,26.0,22.0,25.0,22.0,27.0,28.0,22.0
79a9d29b-e12b-44e2-9e20-060d91ae12f3,23.0,26.0,23.0,22.0,27.0,25.0,21.0,24.0,26.0,23.0,24.0
2f31de9a-d3d7-4e33-a2e4-fbaf00268c0d,22.0,22.0,25.0,25.0,25.0,26.0,26.0,24.0,21.0,24.0,25.0
b24fc22a-b6e1-468a-8bc8-a08087dc9354,22.0,25.0,25.0,26.0,25.0,25.0,28.0,26.0,28.0,26.0,24.0
5537d164-a35d-4544-b0bb-92798cec2ed2,24.0,24.0,25.0,23.0,25.0,27.0,25.0,22.0,25.0,26.0,26.0
939ee7d7-1afe-4e10-881e-34b94a1cca91,24.0,21.0,24.0,25.0,23.0,24.0,25.0,23.0,27.0,27.0,26.0
86311f04-59db-4c7e-b268-37fcc4c73943,25.0,24.0,25.0,23.0,26.0,26.0,21.0,27.0,25.0,26.0,26.0
ff06d258-7473-4ddf-b748-76ccb4222671,24.0,24.0,28.0,24.0,24.0,26.0,22.0,22.0,30.0,23.0,24.0
059c0cff-e0bd-402e-a55f-eb26b211538f,27.0,25.0,24.0,24.0,22.0,25.0,22.0,24.0,23.0,25.0,24.0
e0971e6e-ca86-4697-96d2-7ed473b5884d,21.0,26.0,25.0,24.0,27.0,24.0,26.0,26.0,25.0,25.0,26.0
8b127d89-5d59-4a26-806a-ecf86c715b5d,24.0,27.0,22.0,27.0,23.0,24.0,27.0,25.0,22.0,23.0,26.0
d657709c-8517-415c-af0b-5a6d4796bb08,28.0,27.0,24.0,24.0,25.0,26.0,27.0,22.0,26.0,24.0,25.0
f85a388d-9cd2-4443-8323-0665b6d4a8bc,28.0,27.0,25.0,25.0,26.0,26.0,24.0,26.0,22.0,26.0,23.0
5adfabd9-9db7-4387-9f92-d8d6aaac3423,24.0,24.0,25.0,27.0,29.0,27.0,27.0,22.0,23.0,26.0,26.0
534303fe-29d2-463e-a3aa-e4d7424382f9,25.0,30.0,24.0,29.0,25.0,23.0,28.0,27.0,28.0,26.0,28.0
8d4a65da-6379-4e78-81af-d6c7c2e413ed,27.0,25.0,25.0,27.0,24.0,26.0,24.0,26.0,25.0,26.0,28.0
f4f11297-1fd1-4062-bda3-8ccf20aab962,26.0,22.0,26.0,25.0,23.0,24.0,24.0,24.0,24.0,26.0,26.0
fb0b269a-361f-4b1c-a961-23b98ca727e3,23.0,24.0,26.0,24.0,25.0,22.0,25.0,26.0,26.0,26.0,28.0
52533290-8c37-40fe-9c3b-49937cfc3bb1,25.0,26.0,26.0,26.0,24.0,22.0,22.0,24.0,25.0,23.0,26.0
706d846a-c588-4c5b-849e-5310fb49c17f,27.0,28.0,23.0,26.0,23.0,27.0,23.0,28.0,25.0,27.0,24.0
e4ae2076-ed6b-4bf5-96e6-4c6e731ccd7b,24.0,25.0,24.0,27.0,24.0,25.0,25.0,23.0,24.0,26.0,23.0
32b344e8-716f-4434-8d61-56a770ccbe65,23.0,26.0,24.0,24.0,23.0,28.0,26.0,22.0,25.0,21.0,27.0
13313236-6a05-433b-966c-194130cc264d,24.0,28.0,24.0,25.0,24.0,23.0,26.0,23.0,26.0,25.0,22.0
8983532f-b5cd-4496-8116-d6a9bfd71f03,27.0,25.0,25.0,26.0,23.0,25.0,27.0,27.0,28.0,28.0,25.0
0e8800db-4fdf-416c-9ef8-efb46e3d5d96,23.0,25.0,23.0,27.0,25.0,24.0,29.0,26.0,26.0,23.0,26.0
16959323-b13f-4f30-a31c-3b0f27525542,25.0,25.0,23.0,25.0,25.0,25.0,26.0,26.0,25.0,24.0,24.0
1c0c4f54-9b99-4b1d-9ef8-745a3cbcb140,24.0,25.0,28.0,24.0,25.0,25.0,26.0,25.0,26.0,22.0,25.0
db81a56b-7471-4803-a0da-1036d9023588,25.0,23.0,23.0,25.0,26.0,25.0,24.0,24.0,23.0,26.0,25.0
f15408d0-d462-4877-8a14-782517d11422,29.0,23.0,27.0,27.0,26.0,28.0,26.0,24.0,23.0,26.0,24.0
5ed81cc4-d0c2-4a3c-b3e1-a5ab0f154643,26.0,24.0,32.0,28.0,26.0,28.0,26.0,23.0,23.0,26.0,25.0
7886b6e0-a067-493d-a443-71aad51f8468,26.0,25.0,26.0,30.0,27.0,27.0,26.0,23.0,22.0,25.0,25.0
8ec05305-3e68-4902-973d-89bc5eec11cd,28.0,23.0,29.0,26.0,23.0,25.0,25.0,22.0,22.0,26.0,27.0
e0558dc8-9f9c-429b-92b0-956737ed318c,25.0,26.0,25.0,26.0,23.0,26.0,25.0,22.0,24.0,22.0,24.0
28e6275a-345a-4138-a0c2-9ef7cb78606c,25.0,26.0,23.0,28.0,24.0,20.0,19.0,25.0,27.0,24.0,23.0
ee8382bc-b375-41f3-b806-3f7d05e75a25,22.0,25.0,24.0,26.0,22.0,24.0,26.0,25.0,28.0,24.0,26.0
ace10818-4e84-44b5-808b-17846eeff6c9,24.0,27.0,26.0,25.0,22.0,26.0,27.0,27.0,24.0,28.0,23.0
476a0652-7ed2-406e-9766-47d67ab7e02f,25.0,27.0,24.0,22.0,25.0,24.0,26.0,25.0,23.0,23.0,21.0
2ab5bce3-fe97-452d-91f6-4358ef809314,25.0,26.0,27.0,26.0,28.0,27.0,24.0,24.0,25.0,25.0,29.0
a1471a4b-fcf8-40e2-83d8-122231d78d53,29.0,26.0,22.0,25.0,25.0,23.0,26.0,27.0,22.0,25.0,22.0
7d7dc597-0e20-4c3e-afc6-b7e55c9554e2,24.0,24.0,27.0,30.0,20.0,24.0,29.0,29.0,28.0,24.0,21.0
255deea2-a2b6-4cb0-9fb7-74ff096f622a,22.0,23.0,25.0,25.0,22.0,27.0,25.0,21.0,28.0,28.0,24.0
4bfc179c-d515-4f23-95a5-ca18351cdeb2,26.0,23.0,22.0,23.0,26.0,27.0,24.0,20.0,24.0,25.0,27.0
7719f245-39ca-42df-b84f-1690f26a7e7e,26.0,26.0,25.0,24.0,23.0,25.0,27.0,25.0,23.0,26.0,26.0
eeccfac3-9593-4b72-bddc-82fc67d1e29a,27.0,24.0,25.0,25.0,24.0,28.0,26.0,25.0,26.0,24.0,23.0
537cc377-2fd8-4826-8676-11704bde5937,25.0,28.0,23.0,24.0,23.0,24.0,25.0,26.0,25.0,26.0,22.0
bee12df1-b5db-4c56-9688-e0f5cc7fe89a,24.0,24.0,28.0,30.0,27.0,22.0,25.0,25.0,25.0,24.0,22.0
e376a4ed-fdfb-41a0-a8ff-a61f0b54026d,27.0,24.0,27.0,26.0,26.0,27.0,27.0,24.0,23.0,26.0,25.0
e0c67e3f-c150-47d8-8cc0-5db3f0760901,28.0,18.0,25.0,24.0,23.0,29.0,26.0,27.0,25.0,24.0,24.0
23b6bd18-6bca-4a53-a081-d9933c0b121d,23.0,26.0,24.0,27.0,26.0,26.0,22.0,24.0,28.0,27.0,25.0
56c5a037-7f3f-4b6f-b631-418bd7afcba8,23.0,26.0,24.0,23.0,26.0,30.0,23.0,29.0,28.0,24.0,25.0
ad062920-597f-4b75-b445-86bcf8534f08,26.0,26.0,27.0,25.0,26.0,25.0,26.0,22.0,26.0,24.0,25.0
2d5956f5-72f5-4630-a9f7-97f1d0c98097,24.0,22.0,24.0,25.0,25.0,22.0,28.0,27.0,24.0,25.0,24.0
bee7c375-4bdb-4166-8ecd-c4367e8f4084,26.0,26.0,27.0,27.0,28.0,24.0,22.0,24.0,27.0,25.0,25.0
99f1bd32-0788-4ace-902e-675f9e4abfd6,23.0,26.0,27.0,24.0,24.0,24.0,23.0,27.0,29.0,26.0,25.0
9fc3614c-8eaf-4e4d-bc2e-852e7439ebf2,23.0,25.0,29.0,27.0,21.0,29.0,26.0,23.0,25.0,26.0,24.0
94490020-d1a3-4c26-aaa4-070991bc187d,26.0,24.0,24.0,26.0,25.0,24.0,27.0,26.0,23.0,28.0,25.0
5dd7f953-62df-44f9-899b-42ccf49eba00,24.0,24.0,24.0,27.0,24.0,25.0,26.0,27.0,24.0,26.0,25.0
3e5f30db-164a-4569-a294-aa280cb8a0ad,23.0,29.0,28.0,24.0,23.0,24.0,26.0,26.0,25.0,23.0,27.0
83c8ccfe-d4f7-4582-9846-c721f1ebae42,23.0,23.0,23.0,25.0,26.0,24.0,24.0,30.0,22.0,26.0,27.0
9993f785-6f96-4c45-92ad-f84e64937ea4,26.0,26.0,28.0,24.0,24.0,23.0,23.0,23.0,28.0,26.0,25.0
f555bfdf-1158-4b98-ba87-55cc93700a58,25.0,27.0,28.0,25.0,24.0,24.0,23.0,26.0,27.0,30.0,24.0
0b9da9bb-1e06-4450-8add-b1ca02efa5a6,26.0,21.0,26.0,24.0,25.0,21.0,26.0,28.0,28.0,26.0,25.0
96b4c11b-c4cf-41c7-b760-f523d70ca560,24.0,23.0,27.0,23.0,25.0,28.0,23.0,29.0,23.0,26.0,24.0
aef8dbb2-d0a8-425e-99e6-09560514b9c6,21.0,25.0,22.0,21.0,26.0,24.0,23.0,23.0,25.0,25.0,24.0
a5c71bf5-f9f4-4afe-b946-688ab8f90528,27.0,25.0,24.0,25.0,20.0,25.0,27.0,26.0,23.0,23.0,26.0
fb1014a8-e727-4fa9-9be4-d9ede6dc4a18,23.0,26.0,27.0,25.0,23.0,26.0,25.0,25.0,26.0,29.0,27.0
d0dcd0d0-3a02-47fd-b4c1-c32ae95fc6e9,24.0,26.0,25.0,26.0,27.0,27.0,26.0,25.0,26.0,22.0,26.0
c470814c-3a78-40a8-ba5d-92c4928c31e9,28.0,22.0,23.0,23.0,26.0,23.0,26.0,25.0,24.0,23.0,22.0
fb65976b-3259-4505-a800-af6ea46ef2f7,26.0,26.0,25.0,25.0,27.0,27.0,26.0,26.0,22.0,23.0,21.0
2a397188-155d-4ad0-a9c8-a37806ea9b67,28.0,28.0,25.0,23.0,24.0,24.0,23.0,25.0,26.0,27.0,28.0
cdee87ab-a26c-4a1d-a5b4-e2a51b682037,21.0,26.0,25.0,25.0,25.0,25.0,28.0,26.0,27.0,23.0,24.0
18acf25e-c245-40bf-8e21-d54238be3c76,24.0,29.0,24.0,29.0,25.0,26.0,25.0,25.0,25.0,23.0,25.0
1e06696d-7788-4c4e-a534-67ea0e28ca29,25.0,27.0,23.0,25.0,27.0,26.0,25.0,26.0,25.0,26.0,26.0
db0eb1be-7ce0-45b3-a306-568d890da37e,22.0,24.0,26.0,27.0,28.0,24.0,25.0,26.0,24.0,25.0,27.0
255b4e28-df72-4579-a4c3-847915d8858f,26.0,26.0,22.0,27.0,25.0,23.0,25.0,27.0,24.0,29.0,25.0
adae4f38-3eb7-477b-88cd-44c281f61ddc,21.0,26.0,25.0,25.0,25.0,26.0,23.0,25.0,24.0,28.0,23.0
677f2872-5075-42b5-94a7-b5d5a366350a,23.0,23.0,22.0,25.0,23.0,24.0,24.0,26.0,23.0,28.0,28.0
d4f9aa0b-9766-41ee-87aa-992d1622bbc5,25.0,26.0,26.0,23.0,22.0,26.0,26.0,22.0,20.0,26.0,27.0
23211fdd-887a-4107-8114-93ae26a907d1,24.0,25.0,24.0,22.0,28.0,25.0,25.0,24.0,25.0,23.0,24.0
aa7445c6-d7e2-4774-b0a5-79e39802478c,24.0,25.0,27.0,24.0,25.0,21.0,20.0,30.0,25.0,25.0,23.0
fa8bbb3f-c61e-42f8-a788-5d1d17eb9784,29.0,23.0,27.0,27.0,23.0,25.0,28.0,23.0,28.0,21.0,24.0
302b6299-7664-4667-92bb-84621cfa2396,28.0,24.0,28.0,28.0,22.0,25.0,26.0,24.0,25.0,22.0,26.0
b3503f71-e56c-4300-a49e-1107d7d061c0,26.0,23.0,29.0,21.0,28.0,23.0,25.0,24.0,25.0,25.0,28.0
d16497b1-fa87-41c2-bab9-6fa13c4a7dd0,29.0,22.0,26.0,25.0,25.0,27.0,26.0,26.0,23.0,24.0,23.0
5693888a-d754-414b-b902-829b1ceed2f0,25.0,23.0,27.0,24.0,24.0,24.0,22.0,25.0,24.0,24.0,24.0
cbd58a09-9f81-422e-a400-9ce7686bb93e,22.0,27.0,29.0,25.0,24.0,32.0,22.0,27.0,24.0,27.0,25.0
f04f5408-c607-46d9-be65-76447524b6dd,25.0,24.0,26.0,25.0,23.0,27.0,26.0,27.0,27.0,26.0,22.0
8dfc54d9-5c26-4951-90a0-ff2d11dc9949,26.0,23.0,23.0,26.0,24.0,23.0,24.0,23.0,23.0,23.0,27.0
d38f4074-b12f-4448-90ce-388e25692c3b,24.0,24.0,22.0,23.0,23.0,24.0,26.0,24.0,31.0,24.0,28.0
1a7eca93-2ccf-4a0a-b777-77f900cdb285,24.0,26.0,25.0,28.0,27.0,26.0,28.0,26.0,25.0,22.0,22.0
871ac7c4-41fc-4079-b613-d4fe35511d9c,24.0,25.0,26.0,26.0,23.0,27.0,24.0,23.0,29.0,23.0,24.0
5b2d99a2-4b6c-4165-be45-5ee013bf7092,26.0,27.0,27.0,25.0,24.0,24.0,23.0,22.0,27.0,25.0,24.0
47582e0e-0cbf-4c9a-a3cc-2f6b3f9b41bc,23.0,28.0,23.0,21.0,25.0,24.0,25.0,23.0,21.0,24.0,26.0
a605db12-a79d-42e3-9927-43353ef9733d,28.0,22.0,25.0,27.0,28.0,28.0,25.0,26.0,24.0,23.0,24.0
1519c979-9c18-4a05-a196-46ded0b0a568,29.0,25.0,28.0,27.0,26.0,26.0,26.0,27.0,26.0,30.0,27.0
20363653-eb6b-4ead-a13d-5c31414b8180,25.0,23.0,27.0,25.0,28.0,27.0,24.0,24.0,23.0,24.0,27.0
3ccfe3c6-84eb-43e2-bbf3-540e59867866,23.0,26.0,20.0,24.0,28.0,24.0,26.0,23.0,24.0,23.0,25.0
5e708acd-2884-4fdd-b5a4-222966c50db6,21.0,25.0,24.0,27.0,27.0,24.0,26.0,25.0,23.0,24.0,29.0
dfef6132-346a-4073-8899-0c0b444b4cc6,29.0,25.0,27.0,20.0,22.0,24.0,22.0,23.0,23.0,28.0,26.0
fc105a8b-a23b-4027-b534-c611149ad190,27.0,26.0,26.0,22.0,28.0,25.0,24.0,26.0,23.0,27.0,26.0
e4e57fb2-6481-4939-bd1e-e85cb84ca88c,23.0,27.0,27.0,26.0,25.0,21.0,26.0,23.0,28.0,20.0,25.0
d62b2773-88d1-45c2-b9e6-f218695d2208,28.0,23.0,25.0,23.0,26.0,27.0,25.0,25.0,24.0,25.0,24.0
19a93623-35ba-4948-a1a3-ca65f2e4ad8b,24.0,25.0,27.0,26.0,25.0,26.0,25.0,27.0,24.0,26.0,23.0
c271c048-6af7-4890-864d-542ea34ced92,26.0,26.0,23.0,24.0,19.0,26.0,24.0,26.0,28.0,23.0,26.0
27b1f6dc-f529-40af-9283-3dcac1128e7c,28.0,22.0,27.0,21.0,28.0,23.0,25.0,26.0,23.0,25.0,26.0
e0be7873-7d60-4201-a1cb-93a24e7124c7,24.0,28.0,20.0,26.0,27.0,24.0,24.0,24.0,22.0,27.0,23.0
905c340b-b3c6-45c7-abb3-8c918ffe9c90,23.0,24.0,27.0,25.0,25.0,25.0,26.0,22.0,27.0,25.0,25.0
2e84d4ed-a033-4965-a090-f1dea2433834,26.0,28.0,28.0,25.0,25.0,24.0,21.0,27.0,27.0,26.0,21.0
ae46c47f-1dc0-4f7d-9b2f-320a0f10bd4f,23.0,25.0,24.0,25.0,24.0,25.0,26.0,21.0,25.0,21.0,24.0
d0eabb9b-9560-40d9-a1aa-b1ab2ee5948b,26.0,24.0,26.0,28.0,27.0,23.0,25.0,27.0,24.0,25.0,28.0
4b971973-ec98-435b-9c4d-1ad7683a3f9a,26.0,24.0,24.0,25.0,30.0,29.0,26.0,23.0,25.0,25.0,23.0
24eaf7c7-f397-4b65-892d-19c343a661fa,24.0,23.0,21.0,26.0,22.0,25.0,24.0,26.0,23.0,22.0,23.0
a4b9204d-7ca4-4a26-bdc5-8eaf6e88f3af,28.0,26.0,23.0,26.0,25.0,24.0,24.0,24.0,26.0,26.0,26.0
d41e4cfa-2471-4589-b020-b63b59c63cc6,27.0,22.0,21.0,23.0,29.0,26.0,24.0,22.0,27.0,25.0,22.0
985a20f7-232b-47d0-913a-cab6e64dc227,23.0,29.0,24.0,28.0,24.0,26.0,24.0,25.0,27.0,27.0,26.0
02fe94a2-cb2a-40bc-bd3a-074596e47221,25.0,23.0,24.0,25.0,25.0,25.0,26.0,24.0,28.0,21.0,24.0
d992135b-e768-45d9-ba0a-e62d4190ee85,25.0,25.0,24.0,27.0,23.0,24.0,25.0,24.0,25.0,28.0,22.0
a41274d6-a25d-41b3-a990-6bac98523825,23.0,23.0,25.0,24.0,27.0,27.0,29.0,26.0,26.0,21.0,28.0
81ebf924-2cc8-45b9-a2f5-381e57363ef7,24.0,25.0,23.0,19.0,24.0,28.0,25.0,27.0,24.0,24.0,23.0
4e0c3813-87e5-4e82-a144-58be93c94855,24.0,25.0,26.0,25.0,27.0,23.0,27.0,25.0,24.0,25.0,26.0
b4c45d9e-0baa-4b61-8db8-b656420b0c07,28.0,25.0,24.0,23.0,22.0,28.0,28.0,24.0,27.0,26.0,25.0
7bd61334-e959-4e0d-b533-2691b0fd045f,26.0,26.0,27.0,25.0,27.0,22.0,26.0,25.0,27.0,28.0,24.0
27a88c3b-7361-4aaa-bbdc-c7b2ee7895ff,24.0,24.0,24.0,29.0,26.0,27.0,26.0,23.0,26.0,23.0,25.0
9055c9ea-8d31-472c-a600-f29516786c14,24.0,27.0,26.0,24.0,26.0,23.0,23.0,25.0,23.0,26.0,24.0
ed8f8c4e-eff4-43f2-9308-67c17c72b674,23.0,25.0,25.0,25.0,25.0,24.0,24.0,26.0,23.0,27.0,28.0
c236ff3a-3130-4982-8b8b-aecc31cb87f9,28.0,27.0,24.0,26.0,30.0,24.0,23.0,23.0,27.0,24.0,23.0
156dbfd2-a374-479f-930c-3a21afcdddcd,27.0,24.0,21.0,25.0,20.0,25.0,27.0,30.0,24.0,28.0,22.0
9402ade5-2ec4-4a6c-9d91-b35d10cfc136,23.0,25.0,21.0,27.0,23.0,29.0,26.0,25.0,26.0,24.0,21.0
10b2d841-e42e-4361-abd0-be19537a1a20,25.0,22.0,23.0,26.0,25.0,24.0,20.0,25.0,25.0,25.0,23.0
ffdfceac-37cd-484b-b3ab-b2aa0a76fb19,27.0,24.0,27.0,24.0,25.0,24.0,27.0,26.0,23.0,24.0,26.0
b04e4005-4af0-4696-81bd-dac8ca2ee70a,25.0,24.0,27.0,25.0,23.0,21.0,25.0,25.0,24.0,28.0,25.0
90681323-8b9c-4997-9bac-ee85586b9363,24.0,25.0,23.0,25.0,27.0,26.0,27.0,28.0,22.0,22.0,27.0
59d551cd-18ec-4b68-b778-fea8806d6148,30.0,22.0,27.0,24.0,25.0,28.0,25.0,27.0,26.0,26.0,23.0
ebd8fcc6-40d4-44dc-a266-96dff861a489,26.0,26.0,29.0,26.0,25.0,27.0,24.0,27.0,21.0,21.0,26.0
d2e43cbd-2b75-4d4b-915b-fb64d6e62868,26.0,23.0,23.0,22.0,25.0,24.0,23.0,25.0,27.0,26.0,28.0
72654d16-c73c-4ae0-b767-066718d72831,23.0,26.0,25.0,25.0,22.0,24.0,24.0,26.0,27.0,25.0,29.0
73101017-eb1a-456e-b7eb-7c5bacd7b016,28.0,23.0,27.0,30.0,26.0,26.0,25.0,23.0,27.0,26.0,23.0
48bacc15-d1a5-4b72-8371-7cd3b8697e0d,26.0,29.0,27.0,23.0,26.0,23.0,26.0,26.0,27.0,23.0,24.0
5853e5dc-f131-4572-91ef-c3332635e6e4,21.0,24.0,27.0,21.0,24.0,27.0,24.0,25.0,25.0,23.0,26.0
0decfaa8-e798-461e-9b0c-ff6190a270ea,25.0,23.0,26.0,26.0,21.0,24.0,27.0,23.0,29.0,22.0,25.0
e9987a2e-a4c6-45c9-9ef6-aefb36ce889c,28.0,24.0,26.0,27.0,24.0,24.0,24.0,27.0,23.0,26.0,27.0
ec030b16-d265-46c5-a27c-88d7f9c369b0,25.0,26.0,26.0,24.0,24.0,25.0,28.0,27.0,21.0,21.0,26.0
41a1ddfb-a28b-42cd-9ecd-fd2b7c0a5f77,29.0,21.0,26.0,27.0,23.0,26.0,24.0,26.0,23.0,26.0,27.0
0638f1db-b9f9-401a-bf9b-a801e5c0763b,25.0,27.0,23.0,27.0,27.0,26.0,26.0,24.0,25.0,24.0,23.0
bd0fcabd-a742-4cff-93b4-1886e15dd98e,27.0,26.0,28.0,27.0,28.0,26.0,26.0,25.0,28.0,23.0,23.0
16435295-f3db-4231-b647-f6c76b642b81,26.0,26.0,28.0,27.0,28.0,26.0,25.0,24.0,27.0,24.0,25.0
2d7c8d2e-ffc1-46fb-a8d2-8e0b1db8f3ff,25.0,23.0,22.0,29.0,27.0,22.0,26.0,26.0,25.0,25.0,25.0
a13e9056-8909-424a-8651-378c9d009ae7,27.0,24.0,24.0,23.0,25.0,25.0,22.0,25.0,28.0,24.0,27.0
64a17a15-d892-423b-83ef-d4c3abf5dfc6,25.0,25.0,25.0,22.0,25.0,25.0,24.0,25.0,24.0,26.0,24.0
725d370d-5cdf-4aa0-8bd5-2bff23a1f63f,21.0,29.0,25.0,29.0,22.0,29.0,22.0,28.0,27.0,29.0,25.0
088d0ec1-87d2-405a-87c8-e83d006728c4,30.0,25.0,25.0,22.0,23.0,28.0,24.0,28.0,23.0,25.0,26.0
76ba466d-d29b-46a5-8a1a-29ae9e81b778,26.0,24.0,23.0,24.0,24.0,28.0,26.0,25.0,22.0,24.0,23.0
5b9e87f8-98a0-482b-b1db-6a1021ef52ca,24.0,23.0,27.0,30.0,23.0,24.0,22.0,27.0,23.0,26.0,27.0
966cfdca-c524-444e-9fa1-d1369fa8fa4c,25.0,23.0,22.0,26.0,27.0,22.0,22.0,27.0,24.0,24.0,29.0
9ea14adc-c414-4ab6-9c15-cc86f63014a1,25.0,28.0,23.0,26.0,28.0,25.0,26.0,24.0,22.0,27.0,26.0
57b4fb12-0690-4257-bdc1-1107b3775555,25.0,28.0,23.0,24.0,25.0,21.0,24.0,24.0,22.0,25.0,25.0
c69724f6-32d4-42dd-8cdf-2f2d7f6cc838,24.0,26.0,28.0,23.0,28.0,27.0,27.0,23.0,22.0,27.0,27.0
5c16b85c-0b38-41a1-add8-5b27ec8f3d62,26.0,23.0,23.0,24.0,19.0,24.0,29.0,22.0,27.0,25.0,26.0
b8863ce2-1214-41ac-afc6-2664cc092499,25.0,24.0,27.0,23.0,24.0,23.0,26.0,28.0,23.0,23.0,24.0
e4e27733-e458-4960-85fd-137a324ec5ed,23.0,23.0,23.0,27.0,25.0,25.0,25.0,24.0,25.0,25.0,25.0
1f07d2ee-40b2-49cc-9d01-e46daf2f4443,25.0,27.0,26.0,26.0,27.0,27.0,27.0,24.0,27.0,24.0,24.0
b17f170f-bfd1-41ac-aaa9-95ed86f7a8da,24.0,24.0,25.0,24.0,23.0,22.0,23.0,22.0,26.0,24.0,23.0
76e32999-edf5-413f-a72d-c12156006e5a,22.0,29.0,27.0,23.0,23.0,21.0,23.0,26.0,27.0,31.0,22.0
2840b3c9-6b76-4044-a7e8-fd303dae118f,27.0,25.0,25.0,24.0,24.0,27.0,27.0,22.0,27.0,26.0,26.0
9d473ebb-4b72-430f-bc1d-a8c575e18f02,27.0,27.0,25.0,22.0,23.0,30.0,23.0,30.0,23.0,26.0,25.0
898b56c8-9d96-41dc-a9c9-0bd5e0f8c41d,23.0,22.0,23.0,23.0,27.0,22.0,25.0,26.0,26.0,27.0,29.0
fba8bac5-7535-4cec-8131-f5bbca072f49,24.0,29.0,26.0,25.0,26.0,25.0,26.0,25.0,25.0,27.0,25.0
ee1f63c4-7259-4790-bab1-4487e16142da,23.0,27.0,23.0,22.0,24.0,25.0,26.0,27.0,23.0,26.0,27.0
e1c016f9-827e-4ee0-98d8-e95dface99f9,27.0,24.0,25.0,24.0,31.0,24.0,25.0,23.0,24.0,26.0,22.0
e0406196-0aa9-4ce7-ad11-0e1960b873d1,26.0,24.0,21.0,26.0,24.0,24.0,26.0,24.0,28.0,25.0,26.0
1a73a64a-eb67-4b86-bc9e-4b2a27d30ce5,28.0,26.0,21.0,26.0,26.0,27.0,21.0,24.0,27.0,26.0,28.0
a7b8ed7b-880a-4ffb-a608-b9c99565e97f,25.0,27.0,22.0,24.0,27.0,26.0,28.0,29.0,21.0,26.0,25.0
7e919d3b-e7e4-43dd-bb77-c65c2885d6fa,25.0,25.0,24.0,23.0,29.0,23.0,26.0,24.0,28.0,23.0,24.0
8c9a6895-843e-490b-a650-b18fcd535b41,28.0,28.0,23.0,25.0,27.0,27.0,27.0,23.0,27.0,25.0,23.0
dff96b42-1751-4a9e-bf13-9742e937b1f7,24.0,23.0,25.0,28.0,24.0,26.0,28.0,23.0,25.0,29.0,24.0
a9bc9414-21ee-4461-aff2-37772596acb9,22.0,25.0,22.0,26.0,25.0,24.0,24.0,26.0,23.0,26.0,24.0
232fb753-bf25-40a2-97ec-50358ddae698,25.0,25.0,27.0,27.0,26.0,23.0,22.0,26.0,25.0,22.0,23.0
5136fb9a-e78c-4f96-b9f1-a817dea08ea9,24.0,29.0,25.0,24.0,28.0,25.0,26.0,25.0,24.0,23.0,23.0
90704d2d-aa48-427a-80d7-8bbbe21fe893,24.0,25.0,27.0,24.0,26.0,24.0,24.0,30.0,24.0,23.0,26.0
e834c9a5-d6a7-430c-a523-f782120649be,26.0,24.0,26.0,26.0,25.0,25.0,27.0,21.0,22.0,27.0,27.0
982b4d32-a200-4cca-b136-b1e4e6dc0262,25.0,26.0,23.0,23.0,28.0,26.0,22.0,27.0,22.0,23.0,19.0
f6686a32-7cc6-476d-8946-f886b5d134e9,23.0,27.0,27.0,27.0,23.0,25.0,25.0,30.0,28.0,27.0,24.0
8c30184e-5505-43ac-a4e9-99d865b8fb63,27.0,26.0,25.0,22.0,22.0,28.0,26.0,23.0,25.0,26.0,23.0
c995e45e-0c59-47ad-8188-4011fc8f1a69,28.0,24.0,23.0,25.0,22.0,27.0,24.0,24.0,26.0,26.0,28.0
a99cc065-834a-4175-90c8-897c53bce159,23.0,25.0,27.0,28.0,24.0,25.0,29.0,26.0,25.0,25.0,26.0
ab95ab26-0988-4ca0-967b-b764f51e43ee,29.0,25.0,27.0,24.0,22.0,24.0,25.0,25.0,17.0,26.0,26.0
62d0abb0-60c7-4883-9774-be2c631c49d2,25.0,28.0,24.0,25.0,25.0,26.0,26.0,26.0,28.0,23.0,28.0
6bcf5e3a-ca01-4c0d-bc38-afbb0cd940c1,27.0,27.0,25.0,25.0,26.0,25.0,24.0,26.0,23.0,27.0,27.0
86f698c8-d4ec-4bcd-813f-6c3a369af783,27.0,21.0,26.0,25.0,29.0,22.0,24.0,24.0,28.0,25.0,23.0
90e95454-5b04-4de9-a808-e03729c1f5c0,25.0,24.0,22.0,22.0,25.0,25.0,23.0,26.0,26.0,27.0,26.0
8baa7499-d3a8-4349-8565-7dd7b0b4acd2,24.0,19.0,26.0,27.0,25.0,26.0,24.0,25.0,26.0,24.0,28.0
8027d854-e300-4a5c-8175-769d516ef1b8,22.0,27.0,27.0,26.0,27.0,25.0,26.0,22.0,23.0,25.0,23.0
6cd80b87-c170-47e6-8ed0-9e9fffd5de18,26.0,24.0,25.0,22.0,24.0,23.0,23.0,25.0,23.0,24.0,25.0
046d082a-4a4a-4a40-91e7-2ba461f26d6f,25.0,27.0,25.0,28.0,22.0,24.0,27.0,24.0,25.0,24.0,27.0
e6644ded-aa6c-4e14-a093-f4f70668ce5d,24.0,24.0,25.0,23.0,26.0,24.0,24.0,23.0,22.0,28.0,22.0
e9e35d12-2788-40ad-9016-e03da091036c,26.0,26.0,24.0,24.0,25.0,25.0,23.0,27.0,25.0,24.0,24.0
854bf17b-5a08-4fd6-a7be-d04bbee2be61,24.0,26.0,29.0,28.0,27.0,24.0,25.0,22.0,24.0,27.0,25.0
724f14b6-5b7d-4335-9181-fe5e1889c86d,24.0,25.0,29.0,28.0,28.0,24.0,24.0,26.0,25.0,24.0,24.0
fdf2ae06-8b85-4fd0-8f51-381b4beb0036,25.0,22.0,27.0,26.0,26.0,26.0,26.0,22.0,24.0,27.0,23.0
3f473bef-0058-4bbc-8e26-d6b2125c53cf,25.0,24.0,25.0,22.0,26.0,22.0,22.0,24.0,27.0,27.0,24.0
3668c2a9-5034-4ce5-8424-d03182ed6c44,26.0,28.0,28.0,25.0,25.0,25.0,24.0,26.0,26.0,25.0,27.0
d7f73791-18e9-4e5d-b31e-000ba901fad3,28.0,24.0,23.0,25.0,25.0,25.0,24.0,24.0,23.0,25.0,30.0
3ea27fd9-9789-480b-affb-107c826a9b93,22.0,24.0,25.0,25.0,23.0,27.0,25.0,24.0,24.0,26.0,29.0
9a13d58e-aae1-4f65-be0b-c1b1f9e6b69f,26.0,26.0,26.0,24.0,24.0,25.0,25.0,26.0,24.0,24.0,25.0
7483dba5-5a71-4daa-85b8-2131f7d7038a,27.0,22.0,24.0,29.0,27.0,22.0,23.0,25.0,25.0,27.0,23.0
fc6bea69-9206-4722-9fae-a7f39fdd010c,26.0,24.0,22.0,26.0,24.0,25.0,28.0,23.0,25.0,28.0,29.0
80b7e64a-a703-454b-bdb9-7ab6f0894dbe,28.0,24.0,24.0,23.0,25.0,24.0,26.0,24.0,24.0,24.0,23.0
40bdc40c-2551-422d-b4d0-8cf8d71ac577,26.0,27.0,22.0,30.0,26.0,26.0,24.0,28.0,27.0,23.0,27.0
7feda15f-e367-4356-99bb-99c857cc599c,23.0,25.0,28.0,25.0,27.0,23.0,22.0,26.0,26.0,30.0,24.0
2300cff9-ab20-4de0-a9d0-4dade3366999,20.0,26.0,22.0,25.0,23.0,23.0,30.0,24.0,26.0,28.0,26.0
bf894a34-152f-467b-affb-03f737b1611b,25.0,24.0,25.0,23.0,29.0,25.0,29.0,24.0,30.0,23.0,30.0
c84e0fce-218a-4878-a088-080a6db4f99a,26.0,26.0,30.0,26.0,26.0,29.0,27.0,26.0,27.0,26.0,28.0
76af2b18-8337-4689-99ce-08f291468003,30.0,24.0,29.0,24.0,26.0,28.0,21.0,24.0,23.0,22.0,26.0
1165e08b-49e0-4e09-a950-cb8c5fe1bcb9,21.0,28.0,22.0,28.0,26.0,24.0,27.0,26.0,22.0,27.0,26.0
aeae2fde-3d63-4614-8099-9d20512cbbbb,28.0,27.0,24.0,25.0,28.0,26.0,25.0,27.0,23.0,29.0,29.0
37bcbd53-6c62-47a7-b713-edc8d497941e,22.0,24.0,23.0,23.0,23.0,21.0,27.0,27.0,25.0,27.0,29.0
89012c3e-922d-445f-adaa-aa73424955b5,28.0,27.0,26.0,22.0,29.0,24.0,25.0,20.0,20.0,23.0,22.0
f6d7f44d-8e3a-43ee-8157-ce3be06e5061,25.0,25.0,26.0,26.0,24.0,24.0,26.0,24.0,23.0,25.0,25.0
3d7da8dc-27c8-40e1-85b5-240bfc29e166,23.0,30.0,25.0,24.0,25.0,24.0,25.0,28.0,23.0,24.0,28.0
ebffe3b7-68b4-483f-8582-50ef1271c969,25.0,24.0,26.0,25.0,23.0,23.0,27.0,24.0,26.0,25.0,27.0
5f4c8f29-a110-4f96-ae7b-1304b2c99f2a,26.0,25.0,27.0,25.0,21.0,30.0,27.0,24.0,25.0,25.0,23.0
b6242966-6fda-4f46-a7b8-5ecbc21fb9b0,23.0,28.0,25.0,24.0,28.0,26.0,22.0,24.0,21.0,25.0,23.0
820b07c8-7957-4364-a967-055bd224cb52,24.0,27.0,27.0,26.0,27.0,25.0,27.0,22.0,27.0,25.0,23.0
308c60e3-ac95-4a2a-b899-af9d04745c14,23.0,21.0,26.0,24.0,26.0,24.0,25.0,25.0,29.0,26.0,22.0
0e061077-640c-456e-ac70-090cd15f97aa,27.0,23.0,29.0,24.0,25.0,25.0,27.0,26.0,27.0,26.0,24.0
16759abb-0ea4-482f-b2e3-cd0f7eaecfbd,26.0,25.0,22.0,22.0,27.0,22.0,25.0,28.0,25.0,24.0,25.0
668363c4-866a-4b78-bd9a-3708b5cf4992,25.0,22.0,26.0,24.0,27.0,22.0,22.0,25.0,27.0,26.0,27.0
e2567eb3-fe0c-48d5-9280-e841b80ec99f,27.0,25.0,29.0,26.0,25.0,24.0,27.0,28.0,24.0,27.0,26.0
90c59252-86e2-464f-a803-7c135c8e2c21,26.0,21.0,22.0,27.0,26.0,26.0,25.0,25.0,26.0,23.0,24.0
799e5a5f-1468-475c-838f-751f85ff1432,24.0,27.0,28.0,24.0,23.0,24.0,26.0,24.0,24.0,25.0,23.0
e7750cd7-411c-414d-9db8-1c28c16a5542,25.0,25.0,26.0,23.0,26.0,25.0,23.0,25.0,23.0,24.0,25.0
57322f84-d426-4b07-8524-46701c4ec2a1,25.0,24.0,27.0,25.0,27.0,25.0,24.0,27.0,26.0,23.0,27.0
c3fa8a30-f031-459a-9dab-d17c2bc59aac,26.0,26.0,25.0,24.0,26.0,23.0,21.0,23.0,22.0,25.0,24.0
20417259-f613-4eee-b43e-32c01d47180c,24.0,22.0,20.0,23.0,24.0,24.0,25.0,22.0,23.0,23.0,26.0
94a88335-2bab-4a12-9718-f8e35d1f2f20,23.0,27.0,25.0,24.0,29.0,24.0,28.0,25.0,26.0,23.0,29.0
a9562a2d-1fbe-499f-8b76-8363734ed24f,28.0,27.0,26.0,25.0,21.0,26.0,24.0,25.0,23.0,25.0,26.0
bce66347-3d12-4ab6-8fa6-9e9d604320a0,30.0,28.0,26.0,25.0,24.0,25.0,29.0,25.0,26.0,23.0,24.0
55c7e852-0e41-4798-8a5a-8c0e66d442af,23.0,24.0,24.0,27.0,23.0,25.0,24.0,27.0,26.0,22.0,25.0
3eec2591-0a14-4f45-abda-3e00e4091661,25.0,25.0,29.0,22.0,25.0,25.0,29.0,24.0,21.0,27.0,25.0
4fc3b0cf-d12d-46a0-9f7c-ab2d36b883ff,26.0,25.0,21.0,26.0,23.0,23.0,21.0,25.0,26.0,24.0,24.0
c972921b-41cd-4217-a855-8205236d8d58,23.0,24.0,25.0,24.0,24.0,26.0,25.0,27.0,31.0,24.0,27.0
9644e1ea-7ad5-4d0c-b243-a6943b7f7bef,26.0,23.0,27.0,25.0,26.0,25.0,24.0,24.0,28.0,22.0,26.0
4eba2a41-b320-4735-ac71-027aa9b4a0e3,28.0,27.0,24.0,26.0,26.0,24.0,24.0,22.0,25.0,27.0,27.0
9b7357e0-a5b2-42ff-90e3-391d64537aac,24.0,26.0,27.0,28.0,27.0,28.0,22.0,26.0,24.0,25.0,23.0
1632133a-878d-4fca-a63c-b48c16223c84,26.0,24.0,25.0,25.0,21.0,27.0,24.0,28.0,22.0,27.0,22.0
3af2bbc1-d463-4992-870e-ad01a85b573f,26.0,25.0,27.0,24.0,25.0,25.0,28.0,25.0,28.0,25.0,25.0
cd49ce62-0fe4-48c9-809a-ff6e64b358ed,26.0,26.0,25.0,27.0,28.0,25.0,24.0,27.0,27.0,27.0,26.0
7e4ad49b-c59e-4939-acba-f1b8c534119b,26.0,28.0,29.0,28.0,26.0,22.0,23.0,24.0,24.0,24.0,23.0
6783528c-47c9-4f17-9d63-9aca1099b5e2,24.0,26.0,21.0,23.0,28.0,22.0,24.0,26.0,23.0,27.0,23.0
c3fefa59-7431-45c0-9ee5-e5a98493f4d2,23.0,22.0,25.0,28.0,25.0,28.0,26.0,28.0,26.0,24.0,23.0
ccc53b8c-b26f-4d15-b5fd-d2c104f49431,29.0,23.0,26.0,22.0,24.0,24.0,24.0,28.0,24.0,22.0,23.0
9023b42c-e268-49d8-98f1-f006be03a5b1,22.0,22.0,22.0,23.0,21.0,23.0,26.0,26.0,24.0,24.0,24.0
f8d6da01-952b-4a95-8ba4-94f966d65dd4,23.0,29.0,26.0,25.0,29.0,27.0,27.0,26.0,28.0,26.0,22.0
105be366-a0e8-45d1-9284-45fd800f8b36,25.0,24.0,23.0,27.0,27.0,23.0,25.0,24.0,25.0,27.0,26.0
0dccc0c8-d0ec-419f-acd9-a325ef457115,23.0,25.0,25.0,27.0,27.0,24.0,27.0,23.0,25.0,24.0,26.0
58304e9a-31f0-42e8-9a81-38345f416944,24.0,25.0,23.0,25.0,23.0,26.0,22.0,21.0,22.0,22.0,23.0
bfdf821a-2619-46c2-b3a4-9183956e3e28,29.0,24.0,24.0,24.0,23.0,26.0,26.0,21.0,24.0,22.0,27.0
e4fbb0c1-41f7-439b-a96b-a62c3e0797de,24.0,24.0,26.0,28.0,25.0,27.0,22.0,23.0,24.0,23.0,25.0
9b19b21d-6c0e-4637-ab35-1692857b74a3,24.0,24.0,25.0,26.0,27.0,25.0,26.0,26.0,24.0,26.0,26.0
3a5f8526-42fc-47dd-a31f-5410cc3264c8,23.0,24.0,24.0,25.0,25.0,24.0,25.0,24.0,25.0,25.0,26.0
3d713d3a-2206-4ed8-ad2a-290d413560f0,27.0,24.0,24.0,25.0,23.0,24.0,25.0,25.0,27.0,27.0,25.0
0fbcc9f4-6f9d-4ce2-a5b0-e378d181a131,21.0,25.0,23.0,27.0,26.0,24.0,25.0,25.0,25.0,27.0,25.0
33cc09e3-3dfb-4bf5-81b7-ceb499d73a87,22.0,25.0,25.0,23.0,28.0,22.0,24.0,27.0,24.0,26.0,29.0
4bee8c9d-b9b8-4246-9fb2-d167cb1945ae,27.0,24.0,27.0,22.0,26.0,23.0,24.0,24.0,26.0,24.0,27.0
ad0ef3c3-5e42-4431-afb6-d3508eebe9b3,29.0,27.0,27.0,27.0,24.0,24.0,27.0,25.0,23.0,26.0,25.0
57476063-0a02-475e-aab3-d9f3ed4f7258,27.0,24.0,29.0,27.0,25.0,25.0,24.0,24.0,25.0,25.0,24.0
da7afbe8-0523-4904-b0b6-e458f6f09e35,25.0,25.0,26.0,28.0,25.0,23.0,28.0,24.0,27.0,28.0,26.0
101da39e-f0f0-4b52-b5d6-8fddb03f3193,25.0,28.0,24.0,24.0,21.0,25.0,28.0,26.0,21.0,21.0,25.0
9475e317-8d72-4be8-a093-bcdd5ef1a79a,25.0,26.0,24.0,24.0,27.0,24.0,21.0,25.0,26.0,27.0,24.0
eeea038b-0d2d-4109-a3bb-dc6b6acf2f83,21.0,24.0,22.0,24.0,25.0,22.0,25.0,24.0,22.0,24.0,27.0
27dff3d8-c6ef-4682-871a-2daad67622bd,26.0,27.0,24.0,25.0,24.0,26.0,25.0,26.0,25.0,31.0,25.0
10377431-4a48-40a6-8f97-d7e8f753ccd0,28.0,25.0,24.0,25.0,25.0,26.0,26.0,24.0,25.0,24.0,24.0
1ab12d3f-3d6f-4c79-99c0-1813e6196fe8,27.0,24.0,25.0,25.0,26.0,23.0,23.0,23.0,27.0,31.0,25.0
90a4bb67-243a-4acb-b772-ff7da1ce4139,25.0,25.0,28.0,25.0,26.0,24.0,24.0,25.0,27.0,26.0,30.0
22c4ab37-0e4a-4251-b607-55ea1629b5a2,22.0,26.0,24.0,27.0,27.0,24.0,26.0,23.0,31.0,25.0,25.0
ebb8907a-a6eb-45cd-a232-d2cf921a252e,22.0,26.0,23.0,25.0,27.0,23.0,26.0,25.0,25.0,28.0,25.0
08fc02da-dab3-4c6c-9db3-9d63ab3ac2c2,25.0,23.0,25.0,25.0,24.0,24.0,25.0,25.0,27.0,27.0,25.0
726765de-0264-40dc-b5f8-190cc8073342,24.0,24.0,24.0,23.0,26.0,26.0,25.0,23.0,24.0,22.0,27.0
f44cf7a5-a4fc-4890-89e8-516f7d235c31,24.0,24.0,27.0,28.0,24.0,24.0,25.0,23.0,25.0,24.0,23.0
aa1574b1-c35c-49ea-9439-98b6b49fb0bb,26.0,22.0,25.0,26.0,27.0,19.0,22.0,23.0,25.0,25.0,25.0
099c5754-714a-43c2-a577-5b96ccc4069f,26.0,25.0,23.0,24.0,22.0,25.0,24.0,27.0,25.0,26.0,23.0
481bbbd6-3cb3-4f08-bfdf-1b229d5a1977,26.0,26.0,26.0,24.0,23.0,24.0,26.0,25.0,26.0,21.0,27.0
01173e85-46a0-4487-9646-b4f4d71c8725,27.0,22.0,25.0,25.0,23.0,26.0,27.0,27.0,26.0,25.0,28.0
cef79aa9-d77b-459b-bf9f-479f2d81d4c9,26.0,28.0,23.0,28.0,26.0,25.0,24.0,26.0,23.0,25.0,26.0
1fa747d4-d818-414e-80e9-b1825d27e20f,26.0,26.0,23.0,27.0,26.0,24.0,26.0,22.0,25.0,24.0,25.0
fff4c905-943f-400d-bf36-e0124fdab881,24.0,25.0,21.0,22.0,24.0,27.0,27.0,21.0,26.0,25.0,27.0
ef49b0ef-2f60-4524-a281-178f4443e4b3,29.0,27.0,26.0,30.0,26.0,27.0,25.0,24.0,22.0,26.0,27.0
90b566a3-121c-4e8e-9060-cc4228196592,24.0,23.0,24.0,27.0,26.0,24.0,31.0,24.0,26.0,21.0,29.0
2f949a5f-2f9e-45ef-8f7b-0b961528ba79,22.0,23.0,25.0,21.0,27.0,27.0,24.0,25.0,27.0,25.0,27.0
67957dd3-ccdf-4d15-982d-acb0edb7593d,25.0,24.0,28.0,26.0,25.0,22.0,24.0,25.0,25.0,23.0,25.0
0a514499-0650-4539-b35d-8771731ed3b1,26.0,28.0,28.0,23.0,27.0,25.0,23.0,25.0,28.0,20.0,26.0
745fba23-e877-4e2b-8a61-f374e5746cd0,25.0,23.0,24.0,29.0,24.0,25.0,28.0,21.0,25.0,21.0,26.0
349555f2-179b-484a-8080-84873cd19af1,28.0,24.0,27.0,25.0,23.0,27.0,25.0,26.0,25.0,23.0,29.0
f4c204ec-c9b5-4922-b72d-783d22c84978,23.0,27.0,24.0,24.0,27.0,26.0,24.0,27.0,28.0,26.0,26.0
22d95b34-90c6-4afd-b9a6-fe6bdf21af3f,23.0,22.0,26.0,22.0,24.0,22.0,26.0,23.0,22.0,24.0,26.0
38e99763-332c-4235-bf8c-8d931598aaf7,30.0,25.0,26.0,23.0,26.0,24.0,25.0,25.0,26.0,24.0,25.0
d821b75e-cf33-400a-8b52-1f2ed4de9d38,25.0,25.0,24.0,23.0,27.0,20.0,22.0,24.0,26.0,23.0,26.0
b7e668c4-1543-4bd0-83d3-937f6ba1d193,25.0,21.0,23.0,25.0,24.0,24.0,27.0,25.0,23.0,26.0,27.0
d640587e-aaa3-4b30-8c01-14fe98af6691,24.0,23.0,25.0,23.0,27.0,24.0,23.0,27.0,28.0,25.0,23.0
f85f4382-9c62-446c-ac55-a6ecd871b564,21.0,24.0,22.0,25.0,26.0,19.0,23.0,26.0,28.0,24.0,23.0
7127803c-9c06-456b-9a55-b9fbbaf4fbf6,25.0,25.0,22.0,25.0,29.0,20.0,26.0,26.0,22.0,24.0,26.0
60570585-933f-4915-8a53-974f6def6b71,25.0,25.0,26.0,24.0,26.0,24.0,25.0,23.0,25.0,25.0,23.0
03b1776a-4465-4faa-83a8-fa39f76246ba,21.0,28.0,28.0,27.0,26.0,23.0,27.0,23.0,28.0,24.0,22.0
c4e9a35f-8c1c-483e-8929-708d94fe348b,25.0,26.0,25.0,27.0,27.0,22.0,27.0,28.0,28.0,23.0,25.0
93dec137-9e85-4b31-ac55-043f0e587a31,27.0,24.0,26.0,25.0,25.0,26.0,25.0,26.0,24.0,22.0,26.0
f2095c48-ccc9-4ba0-8a9b-d3de45b46d6a,22.0,26.0,28.0,29.0,26.0,26.0,22.0,26.0,28.0,27.0,26.0
5f23e9b5-05a9-403c-a0cd-7fdada2af77d,28.0,26.0,26.0,24.0,22.0,24.0,24.0,26.0,25.0,24.0,24.0
d6191f0b-d615-471f-9d0f-1b3aa787919b,25.0,28.0,23.0,24.0,28.0,31.0,27.0,23.0,24.0,23.0,25.0
97305c31-839b-461e-bdda-c294818a044c,24.0,26.0,23.0,26.0,25.0,27.0,24.0,27.0,26.0,23.0,23.0
d3d1ede0-7fde-47b5-aff7-031d53568ac1,32.0,24.0,27.0,27.0,22.0,28.0,27.0,24.0,24.0,27.0,26.0
3dcd021d-8231-464c-a202-b326de2fba6e,25.0,22.0,25.0,28.0,23.0,27.0,25.0,24.0,25.0,25.0,28.0
101a2c69-2e3f-4c07-967e-e1e678024fed,23.0,24.0,20.0,29.0,28.0,24.0,26.0,25.0,23.0,28.0,23.0
b00cef4c-2d1c-477d-8d56-37a9348e0612,25.0,27.0,21.0,22.0,28.0,26.0,25.0,26.0,27.0,25.0,21.0
d0af96c5-f0fb-40b0-beda-4987a48325f0,22.0,25.0,27.0,26.0,28.0,27.0,28.0,28.0,27.0,27.0,25.0
d9464597-b9f1-4369-aba4-312145f0e1af,27.0,24.0,24.0,29.0,22.0,28.0,26.0,25.0,26.0,27.0,25.0
0567f9cb-503d-46cc-9817-1a359323b80c,24.0,23.0,25.0,25.0,25.0,24.0,28.0,26.0,28.0,27.0,24.0
a3c1f4af-c2d1-4255-8742-5992dd07cdce,26.0,26.0,28.0,26.0,25.0,21.0,25.0,25.0,24.0,25.0,25.0
6145a87f-0359-4306-8a8d-9969b1259f51,20.0,24.0,26.0,25.0,26.0,24.0,23.0,27.0,23.0,29.0,23.0
72f040a7-0a83-4b9c-a328-c3c7fba59469,22.0,27.0,25.0,26.0,28.0,27.0,27.0,24.0,26.0,28.0,24.0
423bf525-e4e8-40c7-9e28-aec3d0b27019,25.0,25.0,25.0,27.0,25.0,27.0,27.0,24.0,25.0,24.0,21.0
399f85db-7501-407b-b0eb-2986670f839b,23.0,26.0,24.0,28.0,23.0,26.0,23.0,29.0,26.0,24.0,27.0
6c5e66db-b2b9-4c9f-acd4-a99694a4c9b6,23.0,28.0,26.0,25.0,26.0,24.0,25.0,28.0,23.0,24.0,27.0
2d2877e4-2493-4c28-8928-9ea8f5fa3020,23.0,24.0,30.0,30.0,21.0,22.0,27.0,26.0,28.0,21.0,25.0
8bc4cf2f-fdc3-4236-83df-edb7b7223e88,22.0,26.0,27.0,25.0,25.0,24.0,27.0,24.0,20.0,24.0,27.0
2f77cca6-fe8a-4d7d-a9c9-a867a74830b5,22.0,26.0,26.0,26.0,27.0,28.0,27.0,26.0,24.0,27.0,24.0
dd47d933-5898-4634-b5b1-ac1018237873,24.0,27.0,26.0,23.0,23.0,25.0,29.0,26.0,28.0,26.0,25.0
4da480ab-2bdb-4c6f-967f-ebf67bbc9f0e,28.0,24.0,29.0,23.0,22.0,26.0,24.0,25.0,24.0,24.0,20.0
5ec49631-e18d-43cb-83cd-10268e478991,25.0,22.0,28.0,25.0,27.0,23.0,25.0,27.0,24.0,28.0,24.0
11983eac-ca3a-444f-973f-64f6bf049e5c,25.0,28.0,27.0,26.0,24.0,24.0,27.0,25.0,25.0,26.0,22.0
b465a449-9487-44de-a100-59e9dae8dc84,24.0,25.0,24.0,26.0,28.0,24.0,26.0,25.0,26.0,21.0,23.0
220c50c2-849d-4d8d-9cf5-81de1e041e52,25.0,27.0,26.0,30.0,27.0,24.0,24.0,22.0,28.0,26.0,26.0
35d98fbc-f8d8-4ed7-9105-721efc579993,25.0,24.0,24.0,24.0,25.0,26.0,24.0,22.0,25.0,28.0,26.0
f7619829-f666-4146-9aec-e67f57a11374,27.0,27.0,25.0,26.0,26.0,25.0,26.0,24.0,19.0,23.0,22.0
e7e6ba90-965a-4e93-a6ac-e5b803fda38e,26.0,22.0,24.0,28.0,25.0,25.0,25.0,24.0,23.0,26.0,24.0
978271b8-5f99-4490-9efc-a3cb5eeb63e6,23.0,24.0,25.0,24.0,27.0,28.0,25.0,25.0,23.0,27.0,23.0
800994f1-3f65-454e-9cb9-9c056b7d21e5,27.0,24.0,26.0,25.0,24.0,24.0,25.0,25.0,26.0,25.0,26.0
ae68dae8-08a6-42c0-ae13-238c110f073f,27.0,26.0,27.0,26.0,24.0,22.0,26.0,27.0,25.0,25.0,25.0
70080ff1-f2d7-470b-bd65-2163046b4000,23.0,25.0,25.0,24.0,25.0,25.0,21.0,28.0,27.0,25.0,27.0
02f8a409-934d-4948-8b08-fa632dabbed2,26.0,25.0,26.0,24.0,27.0,27.0,25.0,28.0,24.0,25.0,24.0
708da276-f1ab-4d06-863d-4e2a65ed083e,26.0,22.0,26.0,27.0,26.0,26.0,28.0,21.0,23.0,26.0,24.0
6ed15ed9-c0a1-4009-83b0-0f270ec44d8b,24.0,27.0,27.0,24.0,29.0,26.0,28.0,22.0,27.0,23.0,24.0
7214c6c7-32f2-4acf-bd3a-7f8dbd5c4a5f,23.0,27.0,23.0,23.0,25.0,24.0,29.0,26.0,24.0,24.0,26.0
b3198b47-28ff-4375-ba2c-0c3d09acf9a2,23.0,25.0,26.0,25.0,28.0,27.0,27.0,22.0,26.0,26.0,21.0
aafafb95-89bb-455f-838b-51485b2f4400,23.0,27.0,25.0,22.0,24.0,28.0,29.0,24.0,25.0,23.0,21.0
533197eb-8a3f-4da8-a79c-4f640a5fa5bf,25.0,26.0,25.0,26.0,25.0,26.0,24.0,26.0,27.0,29.0,26.0
c7fc5532-bdb6-4e04-b883-272e63015452,22.0,26.0,25.0,22.0,27.0,26.0,25.0,25.0,24.0,22.0,27.0
5215c09f-6986-4337-9c90-44464dcfa93a,25.0,22.0,26.0,28.0,26.0,24.0,27.0,27.0,20.0,24.0,26.0
145d2ce9-f0fa-4323-ab94-cd40f96ce94f,23.0,28.0,27.0,27.0,29.0,27.0,26.0,26.0,28.0,25.0,23.0
14c06b8a-6863-45fd-80ea-f0fc1391cc66,26.0,26.0,25.0,27.0,26.0,27.0,25.0,19.0,23.0,25.0,25.0
2ec7a75a-3bda-4859-b8f1-72251df70c7c,25.0,30.0,23.0,23.0,23.0,24.0,22.0,21.0,26.0,27.0,27.0
edc269b4-3e42-47c8-89d7-22ce21d93566,28.0,24.0,23.0,22.0,26.0,22.0,21.0,28.0,24.0,23.0,25.0
76c31d75-596e-41af-848e-0e6998671ab5,27.0,26.0,26.0,30.0,26.0,23.0,26.0,25.0,25.0,23.0,22.0
f35e5e85-be52-478f-a60a-0fe0751e86e2,25.0,26.0,25.0,24.0,25.0,26.0,26.0,26.0,24.0,28.0,30.0
38c3f201-32f4-4ebc-8fe1-ce9c79346a7b,25.0,27.0,26.0,22.0,26.0,26.0,24.0,27.0,24.0,20.0,23.0
1e22d073-84e7-4785-b1c9-e13319fc7b61,28.0,22.0,24.0,22.0,26.0,27.0,24.0,25.0,23.0,30.0,23.0
e91453f4-89a1-42cc-9a5e-9ecd870903c6,26.0,25.0,26.0,23.0,25.0,26.0,23.0,26.0,26.0,23.0,24.0
e978176c-cd0f-4876-b551-1e72fef30982,26.0,26.0,28.0,28.0,24.0,26.0,27.0,26.0,22.0,26.0,25.0
5e9023a7-7696-46a0-9f40-333849ec4fc6,28.0,24.0,23.0,27.0,26.0,24.0,28.0,23.0,24.0,24.0,20.0
a014d701-8db8-4a04-84e2-8e84c4522e39,26.0,21.0,21.0,27.0,27.0,23.0,26.0,28.0,23.0,25.0,25.0
0b4e8d3f-7eae-4fb8-9ef7-cfe3ba69ae7f,24.0,23.0,25.0,24.0,29.0,24.0,27.0,23.0,21.0,25.0,29.0
0a9d36de-3e82-4ce4-ad35-09822910db04,27.0,29.0,25.0,23.0,26.0,27.0,25.0,25.0,26.0,29.0,23.0
2a0b81e8-e29c-43b7-9792-a5d7b9266aa1,26.0,24.0,23.0,24.0,28.0,23.0,23.0,22.0,22.0,26.0,21.0
3663fabf-e5a9-461d-9873-5acd64b2e1e9,25.0,22.0,24.0,22.0,24.0,23.0,23.0,25.0,25.0,25.0,24.0
6c4c93fb-c4dc-40cd-a465-cbea01a87ffc,26.0,24.0,22.0,26.0,25.0,25.0,22.0,24.0,24.0,24.0,28.0
b331c7de-ccee-41c0-9c25-77f889258909,29.0,21.0,25.0,25.0,28.0,27.0,25.0,25.0,26.0,24.0,28.0
f1a9381f-9d00-446f-a5e5-be44f21a7730,26.0,26.0,24.0,25.0,26.0,26.0,27.0,22.0,26.0,26.0,25.0
7578296e-15e5-4aec-ad5f-10ccd2e64389,28.0,23.0,28.0,26.0,27.0,25.0,28.0,26.0,27.0,26.0,24.0
6d9be38d-84b4-46b2-9713-a39082c76506,26.0,26.0,24.0,27.0,29.0,25.0,24.0,26.0,25.0,24.0,23.0
89d937f3-3bb5-4fb2-8a52-341ad2fee55c,23.0,21.0,25.0,24.0,25.0,26.0,23.0,24.0,24.0,27.0,21.0
7ddc9d97-5b8e-4ae6-928d-bec81db20c62,26.0,25.0,20.0,20.0,23.0,26.0,27.0,26.0,25.0,27.0,22.0
f4c3c2cb-360b-4bc2-8bd9-b48a6b7e4fd4,24.0,25.0,26.0,25.0,26.0,24.0,26.0,24.0,27.0,21.0,22.0
94c586b7-b113-4c2a-80e0-171111e92828,24.0,23.0,22.0,24.0,24.0,24.0,24.0,25.0,24.0,26.0,27.0
f81c7575-dee7-495e-bd39-e63c52172a01,28.0,29.0,30.0,26.0,22.0,27.0,21.0,27.0,28.0,26.0,27.0
662d5d4f-f5bb-4164-8588-033f9174714e,27.0,24.0,25.0,20.0,27.0,20.0,24.0,23.0,22.0,23.0,27.0
a233dd4f-5168-49cf-933c-673ccf2ce559,28.0,25.0,25.0,25.0,24.0,26.0,25.0,24.0,23.0,23.0,23.0
b0d05e47-1062-4aab-88f7-d34a64c193eb,24.0,27.0,27.0,27.0,26.0,24.0,25.0,25.0,22.0,26.0,22.0
b7ce89bc-2a61-4d0e-847a-30eb3ae84ec4,25.0,26.0,25.0,29.0,24.0,25.0,24.0,25.0,26.0,25.0,24.0
04f6f56d-cc47-4ba8-86e4-4327b06fc103,25.0,27.0,26.0,26.0,25.0,22.0,27.0,21.0,24.0,21.0,26.0
6f798197-9ce1-4934-9fb7-dd4cbe78137b,23.0,26.0,26.0,22.0,25.0,25.0,27.0,26.0,26.0,26.0,24.0
0625cd6a-c501-45a2-93d7-8523d80b5187,22.0,27.0,25.0,28.0,23.0,24.0,25.0,29.0,22.0,28.0,27.0
4ced312c-4419-43d4-9311-76ab2fd71199,20.0,29.0,29.0,25.0,27.0,24.0,28.0,26.0,23.0,26.0,25.0
edeca8fd-8884-46e6-9af9-47ada8dbaf23,24.0,26.0,22.0,24.0,27.0,26.0,24.0,27.0,23.0,26.0,24.0
2b71d859-2a13-4d3b-987a-c7d5dacc346d,26.0,24.0,28.0,24.0,23.0,25.0,27.0,24.0,25.0,24.0,24.0
235a71e2-598a-451a-a1d9-75815d488503,26.0,25.0,22.0,24.0,24.0,23.0,28.0,21.0,25.0,27.0,24.0
8bcdb8dd-2c3b-42ef-b864-476dc32071b4,29.0,28.0,22.0,22.0,25.0,22.0,23.0,28.0,26.0,23.0,21.0
d68a9567-4372-4dc9-844d-1b63ccf71bcd,25.0,24.0,21.0,26.0,25.0,25.0,23.0,23.0,25.0,23.0,26.0
c6b91282-da8a-44e7-8317-afd78788aec9,24.0,24.0,24.0,23.0,22.0,23.0,23.0,25.0,29.0,27.0,25.0
68070915-17f5-4926-8d5d-cec6912eff8e,24.0,25.0,27.0,26.0,27.0,25.0,25.0,26.0,27.0,19.0,24.0
9bd717f1-adc8-4d3f-a5cb-06ca6dbbd3cd,23.0,17.0,24.0,24.0,26.0,29.0,22.0,23.0,23.0,22.0,27.0
07a42327-6ce3-4e47-af6d-50f209943654,28.0,28.0,25.0,25.0,23.0,26.0,26.0,29.0,27.0,26.0,27.0
abff24be-cdd6-4430-95c2-e528500c09ad,23.0,28.0,25.0,20.0,24.0,24.0,27.0,23.0,29.0,27.0,23.0
4ff3ca31-d6d4-452e-9147-024b7c73b0dd,24.0,23.0,24.0,24.0,24.0,26.0,26.0,27.0,23.0,23.0,28.0
d8e21252-3175-432d-adf4-8e938661c251,27.0,25.0,28.0,23.0,28.0,28.0,25.0,23.0,28.0,23.0,23.0
db8e6b16-7d7d-4710-8870-65df33985787,25.0,25.0,25.0,24.0,27.0,26.0,23.0,22.0,23.0,23.0,24.0
2bee1425-e6ab-4c46-9ac4-8aaa8b06563a,23.0,25.0,24.0,23.0,23.0,23.0,27.0,24.0,25.0,26.0,28.0
cfc8afb9-4e9a-4fbe-8cd8-567390c4817d,26.0,22.0,22.0,29.0,25.0,26.0,21.0,29.0,24.0,26.0,25.0
ed1a105b-2072-42da-83de-be3b777949fd,28.0,27.0,26.0,24.0,24.0,25.0,23.0,23.0,24.0,25.0,28.0
7ecdf3f9-107c-40e8-8542-c6e5dc4aa8e4,23.0,26.0,25.0,28.0,26.0,23.0,26.0,25.0,26.0,24.0,24.0
d5c3f514-7e43-4bce-aa12-7682b5cfc9c8,24.0,23.0,26.0,22.0,29.0,23.0,21.0,21.0,24.0,26.0,23.0
53f69c7f-eeb7-46bd-a3f8-fe0e52a28ef4,26.0,26.0,26.0,20.0,27.0,26.0,26.0,26.0,25.0,24.0,27.0
5d8d6f55-60f1-431c-b973-16392618c1c2,26.0,21.0,23.0,22.0,23.0,24.0,23.0,26.0,25.0,22.0,21.0
d2e3280d-3a3f-46fe-905c-6039f5e5384b,26.0,26.0,27.0,25.0,28.0,28.0,28.0,25.0,28.0,27.0,25.0
70febc1a-b9fa-43a2-b62c-59fb25774eba,27.0,26.0,22.0,24.0,25.0,26.0,26.0,28.0,25.0,27.0,26.0
19c14cff-f8ab-48cf-831a-c297602fb08a,26.0,27.0,28.0,24.0,24.0,25.0,25.0,22.0,25.0,25.0,28.0
91a6fe53-6a8b-467c-869a-9ace013c0a6e,25.0,24.0,25.0,24.0,26.0,24.0,25.0,26.0,27.0,22.0,26.0
9935bb20-b4d7-493b-a495-04fe0ee5ea1f,25.0,26.0,24.0,26.0,22.0,24.0,25.0,25.0,24.0,27.0,23.0
43e1b774-9114-4286-aa7e-4f99ffb78af9,25.0,25.0,27.0,27.0,21.0,26.0,30.0,26.0,26.0,26.0,26.0
a78b69f9-b1b1-429b-a8f8-76097f575a67,24.0,24.0,25.0,30.0,27.0,26.0,26.0,24.0,26.0,28.0,26.0
d1596f37-4410-4daf-abbb-08fad24c6bfe,22.0,26.0,24.0,26.0,23.0,25.0,23.0,28.0,28.0,20.0,24.0
dcf068bc-9301-4489-95d6-4ed0d1b8776f,27.0,24.0,25.0,26.0,24.0,24.0,25.0,24.0,20.0,28.0,30.0
3b8c667a-8b4b-46af-bb3b-593b14465fbb,26.0,22.0,22.0,25.0,24.0,27.0,21.0,22.0,23.0,26.0,24.0
9b68b636-d4d4-4a3c-bd23-8fc90bb3b3f8,25.0,29.0,28.0,23.0,26.0,27.0,28.0,22.0,26.0,25.0,28.0
6ef60b70-613b-4eaf-bf7d-9fcd36582fdf,24.0,23.0,21.0,23.0,23.0,24.0,29.0,24.0,21.0,19.0,25.0
c2598b17-2a4e-4469-a7d5-60c31c2d09eb,27.0,28.0,28.0,23.0,28.0,25.0,29.0,23.0,22.0,27.0,24.0
80f72712-2f9b-4f69-9c27-b72e756e8d90,24.0,26.0,25.0,28.0,24.0,25.0,24.0,28.0,23.0,25.0,29.0
8c6b414e-b79a-418d-8948-7ffb7538cbd9,25.0,22.0,26.0,24.0,25.0,26.0,28.0,24.0,25.0,24.0,24.0
e8a132b7-4816-4764-abe4-8416979483ec,24.0,24.0,25.0,24.0,23.0,22.0,27.0,30.0,24.0,27.0,21.0
81e33911-e41b-4299-b509-a6c4ae2344f2,23.0,25.0,27.0,24.0,24.0,23.0,23.0,22.0,28.0,26.0,28.0
01b696eb-2f0f-4dca-ba50-5a0ce2f2d582,25.0,24.0,21.0,23.0,27.0,26.0,20.0,22.0,30.0,26.0,27.0
c7f66f44-eb87-416f-afd3-50f4c53c60c7,26.0,27.0,26.0,26.0,26.0,22.0,26.0,24.0,26.0,27.0,24.0
15c186ee-d19f-428c-b056-4e922780dabc,21.0,28.0,23.0,28.0,26.0,25.0,25.0,27.0,27.0,28.0,26.0
c9fe68f0-e000-4b40-9d3c-1c7206a41970,25.0,23.0,24.0,28.0,21.0,24.0,24.0,24.0,23.0,25.0,24.0
efd34646-b5d9-44c5-88b4-68e9e301357b,25.0,25.0,21.0,26.0,28.0,26.0,22.0,27.0,24.0,25.0,26.0
cd408185-f79e-4a5e-b5dc-ec89aa51ccc6,26.0,26.0,27.0,25.0,28.0,23.0,25.0,22.0,26.0,25.0,23.0
f747c628-a6a3-491c-9b53-773e71bafdfd,22.0,27.0,24.0,23.0,26.0,23.0,26.0,22.0,25.0,27.0,23.0
4b7732f4-30dc-461e-8c19-761664e8dbc4,26.0,22.0,26.0,27.0,23.0,25.0,26.0,26.0,28.0,27.0,25.0
94611810-015f-4cf6-bb93-1aafda6302c0,24.0,25.0,24.0,28.0,25.0,23.0,30.0,26.0,25.0,24.0,24.0
f135af7b-44fb-4eed-9598-567958233d79,23.0,23.0,20.0,26.0,24.0,26.0,29.0,25.0,27.0,23.0,25.0
6775c435-5e72-49f0-b644-015a7aab9fd5,25.0,25.0,26.0,24.0,22.0,25.0,25.0,28.0,23.0,25.0,23.0
44ff5631-7ff5-4d76-9a73-ed69ca7b26c3,26.0,26.0,24.0,24.0,24.0,26.0,25.0,26.0,24.0,25.0,27.0
03dfa2ca-f665-4b3e-9b34-03af2ca01996,24.0,26.0,25.0,25.0,27.0,28.0,23.0,24.0,26.0,26.0,27.0
1c861fd6-efa0-456a-bb3e-e653148c3e2f,24.0,24.0,27.0,21.0,25.0,20.0,26.0,22.0,24.0,23.0,27.0
ee53e4d5-21bc-4b24-9871-581a8ad16066,27.0,25.0,26.0,25.0,23.0,24.0,23.0,23.0,29.0,23.0,27.0
3d0f94a0-a371-477d-9191-ea99327fa5fd,28.0,20.0,25.0,24.0,26.0,24.0,25.0,25.0,24.0,27.0,23.0
468ae959-46a0-43f8-807e-b84049d20c1b,25.0,25.0,28.0,26.0,24.0,24.0,26.0,24.0,27.0,27.0,24.0
654bcdb1-0869-42e3-a677-6114c6e44adc,25.0,26.0,27.0,23.0,25.0,26.0,24.0,26.0,26.0,25.0,25.0
990e8e71-fc0a-4a80-b4a1-ade870d2f8ce,26.0,25.0,26.0,26.0,23.0,27.0,26.0,24.0,27.0,27.0,26.0
86753746-bfae-4090-825d-e4f75cbf779e,24.0,23.0,26.0,27.0,26.0,24.0,26.0,27.0,23.0,23.0,27.0
cf1a4c0f-51f7-4c6a-90a9-eb2b9b54c421,25.0,23.0,28.0,27.0,27.0,22.0,24.0,23.0,24.0,23.0,25.0
7ef5bb2f-1bbd-4c9d-93d5-5c0b31fbd4cd,25.0,26.0,25.0,28.0,25.0,25.0,24.0,25.0,21.0,28.0,23.0
883772bc-c440-410d-be02-4e838a107908,24.0,25.0,28.0,30.0,24.0,25.0,28.0,24.0,24.0,22.0,26.0
50b0965a-8d9f-41a0-9062-5a1c3a7ce879,25.0,26.0,24.0,26.0,28.0,26.0,24.0,24.0,27.0,31.0,23.0
d78f2a66-dc34-457a-88fa-db7fa9418678,25.0,29.0,27.0,25.0,25.0,23.0,24.0,26.0,25.0,25.0,25.0
bca4e4a9-d1fe-4a84-aae1-9ed1d2d5f1a1,26.0,25.0,29.0,25.0,25.0,25.0,25.0,21.0,33.0,25.0,28.0
17f77f94-bf91-40d8-9671-eac07771f68a,24.0,26.0,26.0,24.0,23.0,27.0,24.0,28.0,28.0,25.0,25.0
d2e2ba47-c636-4639-9ed4-75d6281e079f,24.0,25.0,25.0,28.0,26.0,30.0,26.0,24.0,23.0,25.0,25.0
5a9410f0-de90-432a-852b-b6bc1e08f464,24.0,23.0,24.0,27.0,25.0,27.0,23.0,26.0,24.0,26.0,27.0
bab08aa3-c4ac-4221-9eeb-17c503264564,23.0,26.0,24.0,24.0,22.0,26.0,25.0,25.0,25.0,25.0,26.0
60e6fec5-c492-4eab-b9bb-caa0b6bda329,21.0,26.0,23.0,27.0,22.0,25.0,28.0,25.0,26.0,25.0,28.0
3e41b860-8aba-410b-834f-3c000b4f1c53,24.0,22.0,26.0,26.0,27.0,24.0,24.0,24.0,24.0,26.0,21.0
c163ca80-94af-4bd0-a075-78125ee2871d,27.0,24.0,25.0,25.0,25.0,28.0,27.0,24.0,25.0,21.0,25.0
4ba72008-9966-4d9c-8238-fd8e75ce8a2e,31.0,24.0,25.0,26.0,21.0,25.0,25.0,24.0,25.0,27.0,25.0
19a966e9-c02d-4d0a-83bf-ee2f972a6ae5,23.0,25.0,26.0,28.0,25.0,25.0,22.0,23.0,27.0,27.0,27.0
14150a91-c92d-4048-9b6c-9637c21f1cbb,25.0,24.0,24.0,30.0,24.0,25.0,23.0,25.0,24.0,25.0,24.0
98c154de-7c02-4975-b4f9-4bc0fdd5da91,28.0,24.0,25.0,26.0,25.0,22.0,28.0,24.0,28.0,24.0,24.0
0bc3fd06-21a1-432f-8c4f-e076bc9c377d,25.0,24.0,25.0,25.0,27.0,24.0,24.0,24.0,30.0,26.0,26.0
0eb9f1e7-a654-4434-ac75-5a98a531bad3,24.0,25.0,27.0,23.0,19.0,24.0,29.0,22.0,23.0,23.0,26.0
bee0744c-99c9-4bb8-bc41-53b1601e3ba2,24.0,24.0,25.0,26.0,24.0,25.0,29.0,23.0,31.0,27.0,25.0
62a16e9c-9893-4b3c-b71a-c293aaedbbdc,22.0,25.0,26.0,27.0,22.0,26.0,25.0,24.0,22.0,25.0,28.0
4b8982d1-9762-4566-9004-88988ae1ab32,24.0,26.0,29.0,25.0,26.0,24.0,22.0,26.0,23.0,25.0,26.0
b67eb6e4-9c40-4bb5-9de2-def24d3c66ab,24.0,25.0,27.0,30.0,27.0,24.0,24.0,23.0,22.0,26.0,28.0
fca73d11-f152-49cf-9122-64af70c0f042,22.0,23.0,29.0,23.0,26.0,22.0,26.0,25.0,25.0,26.0,29.0
5a955d77-b7e6-4a7e-b740-5b8b62cad5bd,26.0,25.0,24.0,23.0,22.0,26.0,26.0,29.0,26.0,25.0,21.0
b484405c-ace6-49bf-891e-29b01a0f4a2b,24.0,24.0,29.0,23.0,28.0,28.0,21.0,27.0,26.0,23.0,25.0
93775563-982a-4e30-8f48-c01e19b5fc65,23.0,21.0,26.0,27.0,24.0,23.0,24.0,26.0,27.0,26.0,27.0
2bbe9d32-b64c-41c1-bc55-aff0ff5a9eef,28.0,25.0,24.0,28.0,25.0,25.0,27.0,26.0,29.0,22.0,28.0
f7380810-d886-464c-a48c-a18e72d62361,25.0,26.0,24.0,25.0,23.0,25.0,22.0,25.0,24.0,25.0,24.0
a5955c75-c7a0-4c7f-a875-196a4f95a044,24.0,26.0,22.0,25.0,26.0,23.0,22.0,25.0,27.0,26.0,25.0
3088114d-ffeb-48a3-bd5c-d94412ed50b6,28.0,21.0,20.0,26.0,26.0,25.0,27.0,24.0,22.0,27.0,24.0
96bdc278-bbef-4563-8b67-4647ecb785e3,21.0,26.0,23.0,26.0,28.0,27.0,24.0,25.0,23.0,24.0,26.0
9ba13cb9-a3fe-4041-b904-ba2756b62c8b,27.0,28.0,24.0,25.0,25.0,25.0,25.0,29.0,23.0,28.0,24.0
1febddf5-2cec-41f9-8dc5-86fbc5b559e5,25.0,23.0,24.0,26.0,22.0,26.0,26.0,24.0,29.0,25.0,26.0
c4510e66-47dd-4f93-96af-68fb8edc461e,27.0,29.0,25.0,24.0,22.0,24.0,28.0,23.0,26.0,27.0,26.0
c8d8b5de-5bcd-41dd-b3ac-681f693ce31c,22.0,25.0,25.0,24.0,23.0,25.0,22.0,28.0,24.0,27.0,25.0
9bb7f7c3-0d44-43bd-ba74-4af82be29397,25.0,24.0,27.0,27.0,26.0,28.0,28.0,21.0,27.0,25.0,25.0
688fdfb5-1528-4175-b443-b67336df2170,25.0,23.0,29.0,21.0,23.0,21.0,24.0,26.0,26.0,25.0,24.0
c2d6cbf9-f967-4670-b0df-e7358aadbf74,24.0,26.0,27.0,25.0,26.0,25.0,26.0,27.0,22.0,21.0,26.0
7fe87a3a-1a4f-4146-817a-6062cfe4cd68,28.0,23.0,23.0,22.0,24.0,23.0,25.0,26.0,25.0,26.0,23.0
1c18e502-e3c2-4a26-bc2b-fbc63ac2b5b5,22.0,27.0,25.0,23.0,25.0,25.0,25.0,26.0,22.0,31.0,24.0
856ac173-3236-476f-b2ba-3fb166d6b495,26.0,24.0,23.0,25.0,24.0,24.0,22.0,23.0,26.0,26.0,24.0
82d76590-3517-46e7-bc1b-cc23d70c7f2e,25.0,25.0,27.0,23.0,26.0,26.0,24.0,26.0,24.0,27.0,24.0
bb7d6df5-0e8d-40db-91fc-c6ae75c26ae3,22.0,25.0,24.0,27.0,29.0,25.0,28.0,26.0,23.0,24.0,24.0
17ac890f-637b-46da-b2ab-f5e5c5be403d,26.0,24.0,23.0,25.0,27.0,26.0,26.0,25.0,24.0,26.0,27.0
45b6277d-837c-4b1b-a412-ac18b5d14b91,27.0,25.0,28.0,25.0,27.0,26.0,22.0,29.0,23.0,24.0,24.0
a8e76b3d-621e-4d59-ac92-8e5320800df4,25.0,23.0,27.0,20.0,27.0,27.0,27.0,24.0,23.0,26.0,29.0
7bec25cf-9c7e-4e55-92c7-bd152ce1b455,30.0,25.0,22.0,23.0,26.0,26.0,26.0,24.0,25.0,26.0,25.0
147187b7-e738-4d5c-8f91-08acbb714037,25.0,26.0,25.0,24.0,24.0,28.0,25.0,24.0,25.0,29.0,22.0
fa4b33b8-1ed2-49b3-b967-c96b75fa9c03,22.0,25.0,24.0,25.0,24.0,23.0,23.0,24.0,25.0,24.0,22.0
0cd0867c-5425-46aa-ba33-cb1e8cdf3bc9,23.0,23.0,24.0,23.0,22.0,21.0,22.0,28.0,21.0,25.0,26.0
eb2aa5ef-72ad-419f-81bd-bf70d3e51b35,28.0,26.0,25.0,27.0,22.0,25.0,28.0,25.0,28.0,27.0,24.0
686e7d8a-ab51-42a9-b187-7b468aab42d2,24.0,26.0,30.0,24.0,26.0,22.0,25.0,24.0,23.0,25.0,27.0
161139be-64eb-42a0-9680-1d894e6c0916,26.0,28.0,28.0,23.0,29.0,26.0,28.0,24.0,25.0,27.0,23.0
45752872-0859-41a5-893e-2fbac6348b27,29.0,30.0,26.0,25.0,25.0,27.0,22.0,24.0,24.0,25.0,26.0
9dd72ed8-5595-4ed8-ae37-62c5232a6f37,27.0,24.0,23.0,27.0,24.0,25.0,24.0,24.0,21.0,28.0,24.0
c4e7de21-0424-4c1d-b7bd-a12128e4f99c,25.0,27.0,29.0,25.0,23.0,22.0,24.0,24.0,24.0,26.0,25.0
7e524e4e-dfe6-4e83-af96-455931ef9a23,24.0,25.0,31.0,28.0,25.0,28.0,24.0,23.0,25.0,24.0,25.0
41b23830-e0d5-4633-9cc7-3909ea11b481,25.0,24.0,25.0,24.0,25.0,22.0,28.0,20.0,24.0,29.0,25.0
2ba66949-5c1e-47c9-89ac-eed382c9720d,23.0,25.0,25.0,20.0,26.0,26.0,26.0,25.0,25.0,26.0,25.0
49063a66-7cbc-4cb5-ad6f-1038fb7c20e2,27.0,24.0,23.0,24.0,23.0,27.0,20.0,27.0,28.0,29.0,25.0
0a5b6b6a-5f87-4f32-a1d4-4203e4e67057,24.0,26.0,23.0,25.0,25.0,26.0,23.0,28.0,26.0,26.0,28.0
73e745f9-bf80-48c1-b3a1-4845d7f8752e,22.0,26.0,25.0,22.0,24.0,27.0,24.0,23.0,27.0,26.0,26.0
d921ab0a-0f2a-4268-aa51-18b052c33777,27.0,25.0,28.0,23.0,26.0,26.0,22.0,23.0,26.0,26.0,25.0
dae89b5c-ab21-4398-b3e8-e0b316a3405e,28.0,24.0,22.0,24.0,26.0,25.0,23.0,25.0,24.0,25.0,24.0
c819eaf1-b8de-44b0-89ce-6b663ff6a88e,24.0,22.0,28.0,25.0,24.0,26.0,24.0,24.0,23.0,22.0,25.0
010d65e4-7484-4865-9dd5-c577b12dd6dd,29.0,27.0,25.0,27.0,27.0,25.0,27.0,31.0,24.0,25.0,23.0
cb7c9243-b7fb-43dc-bc46-33e006452b7c,24.0,23.0,22.0,26.0,23.0,27.0,24.0,25.0,27.0,24.0,22.0
90c53179-af95-4bb6-a1c4-cfcd865e0fb1,25.0,24.0,24.0,22.0,25.0,27.0,28.0,27.0,29.0,25.0,31.0
75e53023-5be4-4eed-b382-23dec9d478dc,25.0,24.0,24.0,31.0,27.0,23.0,22.0,25.0,25.0,23.0,24.0
09fa28fe-ed51-4b02-a2d1-5f5ae35fb548,22.0,24.0,24.0,27.0,26.0,27.0,23.0,27.0,30.0,27.0,20.0
141eb458-e416-4628-a98f-93d4be54d8d2,25.0,23.0,23.0,24.0,23.0,24.0,22.0,23.0,24.0,23.0,24.0
e88f9a83-6362-4d39-8185-260548538a76,26.0,26.0,23.0,24.0,27.0,25.0,24.0,25.0,23.0,24.0,25.0
3d35cb00-705a-4572-b3fc-7c7dd85aae13,27.0,23.0,25.0,24.0,26.0,24.0,26.0,27.0,23.0,27.0,22.0
8b467134-c72d-4633-a0ed-7b78a3177626,26.0,21.0,23.0,26.0,24.0,22.0,28.0,23.0,29.0,26.0,27.0
9e513025-e889-4723-8509-8dcbc56e23fd,25.0,26.0,25.0,23.0,28.0,26.0,24.0,21.0,29.0,26.0,26.0
7b021218-eb19-4359-b428-ab392b014d5a,25.0,25.0,23.0,22.0,28.0,23.0,27.0,25.0,27.0,23.0,25.0
38b93b7b-3f85-493c-980f-d869ef1b7768,29.0,26.0,26.0,24.0,23.0,26.0,23.0,27.0,26.0,26.0,25.0
28edf10f-4220-4293-b141-2d17cf24b546,27.0,21.0,29.0,27.0,24.0,25.0,24.0,28.0,21.0,27.0,29.0
b1de921d-25f8-4833-b126-5f69765996bb,28.0,26.0,30.0,26.0,23.0,25.0,24.0,24.0,28.0,25.0,25.0
16a83c69-c955-4e79-9943-cc332fa847de,25.0,23.0,27.0,28.0,28.0,26.0,22.0,22.0,25.0,24.0,26.0
7d5f8dc1-ab58-4d51-bc95-9770689f0f15,26.0,20.0,26.0,27.0,26.0,27.0,20.0,29.0,20.0,26.0,27.0
5d3d6b48-b172-4ab2-92cd-f40408abd217,25.0,26.0,27.0,24.0,26.0,25.0,24.0,26.0,23.0,26.0,25.0
06a259b4-0661-45e9-bd9d-dd0c8ac712d6,27.0,24.0,27.0,27.0,23.0,26.0,27.0,26.0,26.0,26.0,26.0
2bc19fe1-23c7-453f-82bf-5bc668d5be40,23.0,22.0,23.0,21.0,25.0,26.0,27.0,24.0,27.0,24.0,22.0
1992bc88-574b-495b-83c2-1cd318ea70c0,23.0,29.0,25.0,21.0,24.0,26.0,26.0,26.0,28.0,27.0,26.0
7bf9c050-9778-429b-b8bb-de30911dbcd8,25.0,27.0,25.0,27.0,26.0,24.0,23.0,23.0,25.0,26.0,27.0
d7d13314-48f9-4b92-a9cb-5265014df482,26.0,27.0,27.0,27.0,22.0,30.0,28.0,28.0,25.0,26.0,27.0
30caf13c-10a6-4d2d-9fc1-7569d641b5dc,24.0,22.0,24.0,27.0,26.0,22.0,26.0,25.0,23.0,26.0,26.0
810742b2-3f91-4d4e-a2c3-db243aea03f6,24.0,29.0,22.0,27.0,26.0,25.0,26.0,24.0,27.0,22.0,29.0
f60ee6ce-e9d5-4f21-9b3a-3d42598ee976,23.0,23.0,25.0,25.0,24.0,31.0,23.0,26.0,22.0,24.0,22.0
6525d36c-e4ee-4a7a-93ce-a0d72bbf72be,24.0,29.0,27.0,23.0,26.0,24.0,21.0,27.0,25.0,25.0,23.0
93d32656-6d0d-49be-bb24-1a59d6e1f535,23.0,23.0,25.0,24.0,25.0,21.0,27.0,24.0,25.0,26.0,25.0
50b0ae28-a3c3-43e8-a55c-8d2694514fac,27.0,25.0,30.0,27.0,26.0,27.0,23.0,26.0,26.0,24.0,25.0
274692e1-f4ae-4b1a-a496-a7d74e208ae7,27.0,22.0,27.0,25.0,29.0,25.0,23.0,26.0,24.0,23.0,24.0
3195dee4-103f-4a87-9ff3-6417b1f7659f,24.0,25.0,24.0,23.0,26.0,22.0,22.0,26.0,25.0,23.0,27.0
025f5be4-3a4c-4451-a10a-91e10102c4ee,26.0,24.0,29.0,23.0,23.0,27.0,28.0,25.0,24.0,27.0,25.0
2c37f6cd-92ff-4c04-9fe9-915987626e57,25.0,28.0,24.0,23.0,26.0,24.0,23.0,23.0,24.0,29.0,28.0
27b650d9-072b-4681-a6b5-ea9c4684bd97,25.0,23.0,26.0,25.0,22.0,26.0,26.0,29.0,26.0,25.0,20.0
5947d2f2-1167-4b7b-8d7f-90ecfd17ca1e,23.0,25.0,24.0,25.0,28.0,24.0,28.0,25.0,25.0,26.0,31.0
154da855-a1a9-41ab-b860-4bcdb6fe1a24,28.0,30.0,21.0,28.0,20.0,25.0,24.0,28.0,26.0,27.0,22.0
2cf1cd33-f543-4178-b2e2-f1cec8481dc1,25.0,27.0,24.0,28.0,25.0,32.0,30.0,28.0,29.0,21.0,22.0
7af9ef07-0952-49ac-9765-a3d5f8fda38e,25.0,26.0,25.0,26.0,28.0,22.0,26.0,25.0,25.0,27.0,19.0
c5c869d9-e960-48b0-a40f-16427990e69a,26.0,25.0,24.0,24.0,25.0,27.0,23.0,25.0,24.0,23.0,24.0
a873c628-6ddd-4d23-b640-765bacf5ce2e,24.0,26.0,25.0,25.0,25.0,25.0,26.0,23.0,23.0,25.0,25.0
8484b59e-4338-4acf-a9e4-35e2b7008bba,23.0,26.0,26.0,25.0,26.0,27.0,23.0,26.0,25.0,25.0,22.0
03765226-c410-4e73-997f-3beb6dd74916,29.0,23.0,27.0,25.0,21.0,25.0,22.0,25.0,26.0,24.0,24.0
c30debf3-bd03-482d-ac76-9c7db2390c6c,29.0,26.0,29.0,24.0,27.0,24.0,21.0,22.0,23.0,24.0,24.0
725458da-3226-49fa-8abb-9acb093acfe5,25.0,21.0,23.0,26.0,25.0,22.0,21.0,25.0,28.0,26.0,26.0
9646bac1-bcee-412a-a4dd-19b4b5c99cf5,25.0,27.0,26.0,24.0,28.0,22.0,24.0,22.0,24.0,27.0,28.0
8e405f9c-2cab-47b1-a1d8-9c0a61f4a83c,26.0,22.0,22.0,27.0,26.0,26.0,23.0,29.0,29.0,21.0,26.0
88a58c52-daca-4c26-ba5f-d4e13960f655,22.0,23.0,25.0,23.0,23.0,27.0,26.0,23.0,25.0,22.0,24.0
ae4c1d4c-c25f-4dec-b774-1685287bbf20,26.0,24.0,23.0,26.0,23.0,27.0,27.0,23.0,26.0,25.0,22.0
184ed0aa-4ea5-4993-9485-ac3d31399206,25.0,26.0,26.0,26.0,25.0,28.0,25.0,23.0,27.0,21.0,25.0
3302db51-046e-4541-b06f-7c314ebcf1e8,24.0,26.0,25.0,27.0,24.0,25.0,27.0,27.0,26.0,29.0,23.0
56c6c416-012a-4450-85ed-50c413fc3b43,25.0,26.0,24.0,25.0,23.0,23.0,21.0,26.0,22.0,28.0,25.0
121d7911-296a-48a8-9490-1a4398dec8b0,21.0,26.0,27.0,27.0,22.0,26.0,28.0,26.0,27.0,26.0,23.0
7b1916d4-b297-4281-a596-aec41ae5277a,25.0,24.0,25.0,25.0,25.0,27.0,28.0,25.0,27.0,26.0,28.0
f67a78ba-286c-4479-af7f-3fabc8009931,24.0,27.0,24.0,21.0,24.0,27.0,23.0,23.0,27.0,24.0,29.0
7631c575-7db2-49b1-a2e8-2b550a5db1c8,24.0,24.0,27.0,26.0,25.0,25.0,27.0,29.0,24.0,27.0,28.0
c6bf05f4-209f-4529-b0f9-2c73da94da8e,23.0,21.0,28.0,25.0,24.0,29.0,24.0,21.0,22.0,26.0,23.0
ec6bc347-90fb-4afe-a2bd-90c8d30906e3,28.0,24.0,24.0,27.0,22.0,28.0,25.0,24.0,25.0,23.0,29.0
60f6cd99-977e-4f99-b2af-e59df96ea9b5,25.0,25.0,24.0,28.0,23.0,23.0,25.0,23.0,24.0,22.0,25.0
686c8911-f940-42ea-a6e4-8a1bdc43af37,24.0,20.0,26.0,26.0,26.0,22.0,24.0,24.0,26.0,22.0,23.0
ab7038dd-dad1-4be1-a3d0-7c03dd95028f,24.0,29.0,25.0,25.0,22.0,24.0,25.0,24.0,25.0,22.0,27.0
9ef0667a-884d-4faa-a40c-3df4275bf29e,27.0,25.0,28.0,28.0,21.0,25.0,27.0,26.0,23.0,25.0,25.0
b0ae7d71-3d6c-4a37-a43e-22229fd481ed,25.0,25.0,28.0,23.0,27.0,24.0,27.0,27.0,24.0,22.0,29.0
8c33f746-5a7b-4927-978b-d17b52b8d660,29.0,26.0,21.0,26.0,23.0,26.0,25.0,26.0,29.0,24.0,26.0
7655db56-d634-464f-a895-d41fce4b5eb6,24.0,28.0,26.0,26.0,25.0,28.0,29.0,27.0,24.0,25.0,23.0
ebe45695-ba4c-46c9-9c74-8068c59d50fe,22.0,24.0,25.0,21.0,27.0,29.0,25.0,24.0,25.0,26.0,23.0
65f8fe69-04f5-423f-9d8f-537fb4abfb6a,24.0,25.0,24.0,26.0,30.0,25.0,24.0,26.0,24.0,23.0,25.0
7baf2a05-7d10-44e0-ab85-4bd5b35f8e55,25.0,28.0,28.0,29.0,25.0,25.0,26.0,26.0,22.0,21.0,25.0
d086c880-8057-4700-821a-24562c4362b8,28.0,23.0,25.0,25.0,28.0,27.0,28.0,24.0,26.0,26.0,26.0
3c80b161-a774-4077-b385-de7979e62189,22.0,24.0,25.0,25.0,27.0,27.0,19.0,23.0,23.0,23.0,21.0
98d9bc3d-a466-402e-b2c1-32d770f97e43,27.0,26.0,23.0,22.0,22.0,28.0,25.0,23.0,28.0,24.0,27.0
4239e4d2-a80f-412f-9d2b-2c1e251345a3,25.0,23.0,24.0,27.0,24.0,26.0,25.0,21.0,24.0,26.0,29.0
fe4b8616-7f20-436f-a955-ecccb604d266,21.0,24.0,25.0,27.0,27.0,24.0,25.0,28.0,26.0,25.0,27.0
3e4d6636-0617-4a44-9aca-fa17682ff525,26.0,24.0,24.0,21.0,26.0,27.0,25.0,27.0,25.0,26.0,28.0
89e3baee-0db7-44a0-ba48-9e89b6194930,25.0,24.0,24.0,27.0,24.0,23.0,28.0,24.0,25.0,25.0,26.0
5136fb3a-c0b3-4e4c-bc63-65734666eb4b,24.0,27.0,25.0,27.0,26.0,25.0,24.0,26.0,25.0,23.0,23.0
5c110f60-ca59-4e4f-a74e-ee05480e7f34,27.0,26.0,26.0,24.0,27.0,25.0,22.0,22.0,25.0,25.0,27.0
dd0e833a-1f3e-4345-9003-2b7f2d2f9af7,25.0,24.0,23.0,28.0,27.0,21.0,26.0,27.0,26.0,25.0,29.0
8ec1afcd-d8b2-4c8d-8d5d-d604601efcee,25.0,26.0,28.0,26.0,23.0,24.0,21.0,25.0,25.0,26.0,24.0
acfbc4a7-a0e7-4c11-b892-109d52175a61,27.0,25.0,28.0,22.0,25.0,20.0,27.0,25.0,19.0,25.0,23.0
eefa14bf-8358-4e16-ace2-b3ae0362241d,27.0,27.0,25.0,27.0,25.0,23.0,26.0,23.0,25.0,23.0,24.0
bc3d3e65-8bbc-4c58-9855-e14727f70a82,23.0,24.0,24.0,25.0,29.0,28.0,26.0,26.0,27.0,26.0,23.0
fcee9ed0-4ae2-487a-a56b-10c10b210915,25.0,26.0,27.0,22.0,24.0,25.0,26.0,25.0,25.0,25.0,27.0
c785f575-97b6-459e-92c2-e2644e83dc5a,29.0,24.0,26.0,23.0,21.0,22.0,26.0,26.0,27.0,27.0,26.0
c36b5885-4bab-44b6-9ca1-d2758f1611ac,23.0,24.0,26.0,23.0,28.0,23.0,28.0,25.0,28.0,26.0,25.0
96c74633-8047-43da-914c-2a4aa4aeff8c,25.0,23.0,24.0,21.0,25.0,25.0,25.0,23.0,24.0,23.0,25.0
a163e370-6153-4c9f-a37e-d2f017072114,26.0,26.0,23.0,25.0,25.0,26.0,25.0,24.0,29.0,23.0,25.0
bf15c2af-1454-4879-a05c-1fd867bca353,25.0,25.0,24.0,25.0,23.0,23.0,23.0,27.0,26.0,25.0,24.0
2713a369-08d0-4631-a118-bc1d51b24eee,24.0,24.0,29.0,23.0,26.0,29.0,26.0,26.0,26.0,25.0,25.0
078010bf-b2c1-4ee5-a909-ec7a73b499e6,26.0,24.0,27.0,26.0,28.0,26.0,22.0,27.0,26.0,22.0,26.0
b89b99dd-0ce4-4214-8ff5-b70d37e523ab,26.0,23.0,23.0,27.0,24.0,24.0,23.0,23.0,23.0,27.0,23.0
59299810-eb16-4d2c-85ec-d6c6ebf970f9,28.0,27.0,22.0,26.0,27.0,24.0,24.0,20.0,24.0,25.0,26.0
21c72e20-7bdb-4401-b110-fb6dd702c8f0,26.0,27.0,26.0,25.0,22.0,28.0,24.0,30.0,25.0,24.0,25.0
e588dc39-378a-4329-a5ab-c4afe2a1c5c8,25.0,23.0,24.0,21.0,23.0,24.0,25.0,22.0,26.0,30.0,23.0
d77f0c09-9ee1-472f-8c20-2de46b180609,23.0,22.0,25.0,24.0,26.0,24.0,23.0,22.0,26.0,25.0,21.0
99769211-917f-425b-81d8-741521e1477e,22.0,26.0,23.0,23.0,26.0,28.0,22.0,25.0,28.0,28.0,27.0
5c00ba76-064b-4672-b258-27e06f244642,24.0,27.0,26.0,25.0,27.0,28.0,25.0,27.0,24.0,26.0,24.0
971dfc41-8957-4223-8be5-bf1e5ba4607a,26.0,25.0,25.0,27.0,28.0,24.0,28.0,24.0,24.0,24.0,25.0
57381fdf-93de-4059-9c72-324d0f8814b1,24.0,24.0,28.0,27.0,27.0,25.0,25.0,24.0,23.0,24.0,26.0
529da9c3-103e-4ce5-bfc4-52ba810cd165,22.0,28.0,22.0,24.0,27.0,23.0,22.0,28.0,26.0,28.0,27.0
a96c550e-6b71-4539-8f3f-924c29631ac0,26.0,21.0,24.0,23.0,26.0,25.0,19.0,22.0,24.0,24.0,27.0
97e9d3f0-03f2-4ba2-8121-22ca2c6a3fc7,25.0,26.0,30.0,27.0,23.0,26.0,28.0,26.0,23.0,22.0,25.0
0883371f-37b1-4caa-9415-89057450e2cc,27.0,21.0,26.0,28.0,25.0,28.0,27.0,24.0,26.0,23.0,24.0
be3da02d-ba3b-4482-84a2-a1918ce3a1d0,25.0,26.0,24.0,23.0,24.0,24.0,25.0,28.0,23.0,27.0,25.0
038f0e69-a1e0-47a2-8629-e8fccf7ad60b,25.0,23.0,24.0,23.0,22.0,22.0,26.0,25.0,29.0,22.0,22.0
6c55e7e3-4af3-4be5-8f0d-675e8a34e2cf,,,,,,,,,,,
1e4b00c9-eed9-4b2e-b592-001b2216b27c,,,,,,,,,,,
e64ff2dd-1d08-4bdb-99af-32b85147c05d,,,,,,,,,,,
55704f2a-ae11-4793-84ec-5b88f20ffca7,,,,,,,,,,,
7feae76c-2d7e-4fbd-bd66-957d48ec841b,,,,,,,,,,,
437bc7c3-18a3-45b8-a421-969b4eced95e,,,,,,,,,,,
524ee20e-557c-4d0e-8894-9d20aea2a7c7,,,,,,,,,,,
338c6e3c-be45-4502-bf06-427c66286849,,,,,,,,,,,
694cc9d1-5a8a-4b15-a0c9-f01d201b0ee8,,,,,,,,,,,
8bb14258-495c-49d7-a85a-bb6e617b7050,,,,,,,,,,,
6c196e95-fec2-43a3-ac34-c94ca4d7f16d,,,,,,,,,,,
02e18b0a-197f-48a9-858f-39c319ff5ae9,,,,,,,,,,,
f3f50843-f013-41a9-b36f-d942a344cc98,,,,,,,,,,,
ba9348bd-4d22-466c-8e41-d797c1a171c2,,,,,,,,,,,
b3a28085-ecb3-4994-8de7-fe7c317af3c5,,,,,,,,,,,
c6b04cd0-50f8-4aba-b986-09c882803ab0,,,,,,,,,,,
72411170-2d50-40a2-83d1-33b37a76dd1d,,,,,,,,,,,
e86efa43-295e-4e3e-948b-657785bcafc5,,,,,,,,,,,
862cf107-f71f-45aa-b56a-1cddd485482d,,,,,,,,,,,
f937946f-5d86-4317-87f8-3fc9183da924,,,,,,,,,,,
d4a57265-6be3-40aa-a9c4-36a2a75a1c5c,,,,,,,,,,,
123447a9-8773-4576-b31e-20782530d5be,,,,,,,,,,,
8a101b76-0146-40f2-9461-9940f74de142,,,,,,,,,,,
91f60e6f-5f32-4d18-8e36-bf6001a4fb21,,,,,,,,,,,
4f6af8d4-9659-4a72-9482-6f4a46a289d0,,,,,,,,,,,
278dc8a4-7c60-4de6-9e42-22136c5d9500,,,,,,,,,,,
77f08570-a526-4442-bd35-76ffe10e29d2,,,,,,,,,,,
6644cc43-60e5-4476-aa7c-51b7c9b63a49,,,,,,,,,,,
6d7213e9-9e3e-4f40-becd-ddfddf1ee05a,,,,,,,,,,,
0cd2bd36-3d34-48f3-abed-8367e55f5080,,,,,,,,,,,
cf575b48-9f9b-4eb4-a975-f7380868a031,,,,,,,,,,,
81134475-3f0f-44bf-a12b-3f906e6c9fb7,,,,,,,,,,,
8278cc31-0e67-40ce-ac94-804892e5f6d5,,,,,,,,,,,
f5ac7df2-0c32-4a2c-9de7-4c34ff1a35cf,,,,,,,,,,,
e039bbb2-ad01-4056-8f4b-d01cca617c57,,,,,,,,,,,
4d066183-edef-4838-8a63-58d00c3329fb,,,,,,,,,,,
1b91ba1c-de1b-4705-a9f2-18aaf8bd8945,,,,,,,,,,,
dbbade6c-f68c-4afe-9de6-3ce966df12a6,,,,,,,,,,,
563f7ba4-8f4e-48d5-b470-81101c70f5be,88.0,0.0,74.0,0.0,0.0,0.0,0.0,0.0,0.0,0.0,0.0
f41aa843-d811-44fc-b981-8744173d4c88,,,,,,,,,,,
740327b1-9bdc-4cbb-99f2-05efa8c81804,,,,,,,,,,,
1e07a2d9-530a-461b-905c-60d9f88f9aa3,,,,,,,,,,,
ca4d2e91-6fb3-45f1-966a-70f0d162d58c,,,,,,,,,,,
dd6fac30-a846-4747-a78b-b89379ef2ee3,,,,,,,,,,,
79b25ad6-e4fb-49e1-bdc8-99b796879e4f,,,,,,,,,,,
342e825c-f1a0-4a51-ab17-d1de02534b73,,,,,,,,,,,
0356ee8d-da7e-40e9-8418-af6a4e063707,,,,,,,,,,,
7227443f-7465-4ed4-aebf-d08b2d14eb70,,,,,,,,,,,
0b17ff3d-87e5-4f8d-9375-cda362000e70,,,,,,,,,,,
7e347382-355f-42f9-8149-adecb202fa3b,89.0,0.0,96.0,0.0,0.0,69.0,0.0,0.0,0.0,0.0,0.0
8f2588d5-4fd1-4f01-aa02-a85311a04a65,,,,,,,,,,,
9d8a382f-760a-4844-bdf3-9552132510ac,,,,,,,,,,,
950f8de8-6869-4d69-aa91-b24a0869ab65,,,,,,,,,,,
8b603e19-521a-4d6d-9d45-8026ab7e7764,,,,,,,,,,,
5d98109f-2aa6-46ec-8985-61ddf885928b,,,,,,,,,,,
532f4025-b681-4995-9536-0ac1860c6e1d,,,,,,,,,,,
0b3aeb02-9ec1-4692-894f-9a467f8d0f40,,,,,,,,,,,
21f19eff-ca9d-411e-a4aa-f3c13c6d705f,,,,,,,,,,,
a7161e73-92f0-43bf-b1a0-235f5dfd6fe5,,,,,,,,,,,
2a61a15b-7fbf-44cf-9d45-8c737030dc00,,,,,,,,,,,
637b279a-f838-4129-b2b5-b4ece6f3a632,,,,,,,,,,,
627f332a-403a-4496-8f7b-f1176a25b6e2,0.0,83.0,0.0,0.0,0.0,0.0,0.0,0.0,0.0,0.0,0.0
318573f7-63fc-4f7c-87ab-5136f3646c12,,,,,,,,,,,
ca2bb7f2-53c3-468b-b7ee-394237432f3e,,,,,,,,,,,
5698a3e6-85e1-49ae-afea-3ed4e28edfef,,,,,,,,,,,
81e9f053-a0e0-486f-8c49-d6ab183c7b85,,,,,,,,,,,
3d149113-fcc1-485d-b14e-4142ba7245fe,98.0,0.0,0.0,0.0,0.0,0.0,0.0,0.0,0.0,0.0,0.0
34ab2663-70b6-4fe7-a5a4-cbb296cc400f,,100.0,5.0,,,67.0,,,,60.0,
ba3bd83b-b694-4f34-9ae4-bd312f7711a0,,,,,,,,,,,
769ea1ea-ae06-4197-a6fa-cedb96f1e4f9,0.0,0.0,44.0,0.0,0.0,0.0,0.0,0.0,0.0,0.0,0.0
4b3a6aae-7ea4-4e20-b8d4-96bf5c1e2dd4,,,,,,69.0,,,,,
03b8be5f-8423-4689-b6fc-5a87990e5e09,,,,,,,,,,,
e3192078-ae9f-40bd-a934-ea600377080c,,,,,,,,,,,
85dca7fd-fc62-4ed3-82cf-76c2b1ffd67a,,,,,,,,,,,
06993a21-accd-4a27-b503-2da3c4f22712,0.0,95.0,0.0,0.0,0.0,0.0,0.0,0.0,0.0,0.0,0.0
b90bcd80-a3c3-4251-98fa-a81d5dc38d61,,,,,,,,,,,
e5f3e850-d745-43ff-87ae-9e0141c93e53,,,,,,,,,,,
193f6962-c55c-49d9-8ade-4148fa43306a,98.0,0.0,0.0,0.0,0.0,0.0,0.0,0.0,0.0,0.0,0.0
d17b7b16-2e86-4b93-8d9d-a1a883213c8f,,,,,,,,,,,
ce6e0161-6283-451b-bd1d-47f19085532c,99.0,0.0,0.0,0.0,0.0,0.0,0.0,0.0,0.0,0.0,0.0
65cec36e-994e-4eec-8d61-406065b6abc4,,,,,,,,,,,
9b611644-706f-4ff2-a8c1-30af6ee0d005,,,,,,,,,,,
1fe4bedf-cd10-46a4-83cd-c1a128718723,,,,,,,,,,,
f6a5109a-45f8-48b7-96db-4874293db53b,,,,,,,,,,,
aee31e2e-a49c-45d5-82e2-b6b2c7658835,,,,,,,,,,60.0,
03ab5323-f3e9-48ef-870a-b9d09f7a1a03,,,,,,,,,,,
3ccfc84d-87c8-41ac-8e6e-e2e2d642aa63,,,,,,,,,,,
ea95509c-b840-4e1f-b95d-2902e99c986a,,,,,,,,,,,
268d7f74-8d2b-4555-8bfd-48fb0aa9799d,,,,,,,,,,,
846938d6-2079-48d4-9c3e-c2a3b468aa03,,,,,,,,,,,
4d5d3128-b0f0-4edb-9193-a34fdd6433de,,,,,,,,,,,
073c6c16-fa04-4a77-bfea-4de491879c1f,,,,,,,,,,,
3b7d4a7e-0264-442d-abd2-3e4d92f09179,,,,,,,,,,,
3e5701af-38a7-4222-a198-1fa0e803fd4e,64.0,65.0,13.0,59.0,39.0,55.0,82.0,84.0,80.0,71.0,79.0
d621192b-4fe3-4851-93b5-24cf2744427e,,,,,,,,,,,
abdeca81-f7e8-4da2-87f1-940331076ab0,,,,,,,,,,,
09c317cb-967a-44ca-acac-81d9b4f8fb32,,,,,,,,,,,
a82c014d-0205-45d7-be91-4a895830fb12,,,,,,,,,,,
649f8ace-8258-4171-bcfc-36d1c7c6454a,50.0,50.0,50.0,50.0,50.0,50.0,50.0,50.0,50.0,50.0,
3c0a1ef0-2c17-4fd9-b085-db5d02d47d01,,,,,,,,,,,
63f48b1a-73db-4e0a-8a30-8d1dd6ae0442,,,,,,,,,,,
70f57d8b-778b-45ab-b6fd-259c97a2cbd6,50.0,50.0,50.0,50.0,50.0,50.0,50.0,50.0,50.0,50.0,50.0
0308233e-8d05-4e89-8d15-0a84b63a5bc7,,,,,,,,,,,
fed31b4f-6b7e-4067-90a3-5f9470a44d6d,,,,,,,,,,,
ee947f41-e680-4d06-b4b1-dce695a1aa75,,,,,,,,,,,
d5b83f93-5b4e-49c2-8fea-57a3c1c138a9,35.0,63.0,35.0,59.0,50.0,50.0,50.0,50.0,50.0,50.0,
776ca10b-d083-426e-925a-ccc1189dc647,98.0,0.0,0.0,0.0,0.0,0.0,0.0,0.0,0.0,0.0,0.0
5692d9df-41d0-4b36-bffc-e2e193034ddc,97.0,0.0,0.0,0.0,0.0,0.0,0.0,0.0,0.0,0.0,0.0
e1ae9873-ea78-43a7-b5ba-e39f77f21fc8,,,,,,,,,,,
35cb1f0a-7104-41c9-ac61-a0819428f1b4,,,,,,,,,,,
01567476-7b6d-497d-87b9-9a567f906eb3,,,,,,,,,,,
24a5f19d-896d-4c6d-a8b3-be855de1c2d8,,,,,,,,,,,
bdfd2d3b-7e38-432a-a8fb-aad76dbcc586,,,,,,,,,,,
